arch,compiler,mpi_tasks,method,test,time
Sapphire Rapids,gfortran,48,base,Convergence,216.25
Sapphire Rapids,gfortran,48,base,Convergence,216.23
Sapphire Rapids,gfortran,48,base,Convergence,219.24
Sapphire Rapids,gfortran,48,base,Convergence,216.57
Sapphire Rapids,gfortran,48,base,Convergence,216.42000000000002
Ice Lake,gfortran,16,base,Convergence,356.53000000000003
Ice Lake,gfortran,16,base,Convergence,354.41
Ice Lake,gfortran,16,base,Convergence,356.37
Ice Lake,gfortran,32,base,Convergence,294.02
Ice Lake,gfortran,32,base,Convergence,293.01
Ice Lake,gfortran,32,base,Convergence,292.64
Ice Lake,gfortran,64,base,Convergence,270.04
Ice Lake,gfortran,64,base,Convergence,270.57
Ice Lake,gfortran,64,base,Convergence,269.64
Ice Lake,gfortran,24,base,Convergence,323.05
Ice Lake,gfortran,24,base,Convergence,323.09
Ice Lake,gfortran,24,base,Convergence,326.61
Sapphire Rapids,gfortran,16,base,Convergence,296.71
Sapphire Rapids,gfortran,16,base,Convergence,297.73
Sapphire Rapids,gfortran,32,base,Convergence,232.15
Sapphire Rapids,gfortran,32,base,Convergence,233.12
Sapphire Rapids,gfortran,32,base,Convergence,231.26
Sapphire Rapids,gfortran,64,base,Convergence,207.65
Sapphire Rapids,gfortran,64,base,Convergence,209.1
Sapphire Rapids,gfortran,64,base,Convergence,206.67
Sapphire Rapids,gfortran,24,base,Convergence,260.69
Sapphire Rapids,gfortran,24,base,Convergence,260.54
Sapphire Rapids,gfortran,24,base,Convergence,260.42
Emerald Rapids,gfortran,16,base,Convergence,268.53
Emerald Rapids,gfortran,16,base,Convergence,269.56
Emerald Rapids,gfortran,16,base,Convergence,267.47
Emerald Rapids,gfortran,32,base,Convergence,211.2
Emerald Rapids,gfortran,32,base,Convergence,211.92000000000002
Emerald Rapids,gfortran,32,base,Convergence,212.21
Emerald Rapids,gfortran,64,base,Convergence,192.10999999999999
Emerald Rapids,gfortran,64,base,Convergence,193.16
Emerald Rapids,gfortran,64,base,Convergence,192.54999999999998
Emerald Rapids,gfortran,24,base,Convergence,236.57
Emerald Rapids,gfortran,24,base,Convergence,236.21
Emerald Rapids,gfortran,24,base,Convergence,237.48000000000002
Ice Lake,gfortran,48,base,Convergence,278.73
Ice Lake,gfortran,48,base,Convergence,280.15
Ice Lake,gfortran,48,base,Convergence,281.56
Emerald Rapids,gfortran,48,base,Convergence,198.31
Emerald Rapids,gfortran,48,base,Convergence,197.05
Emerald Rapids,gfortran,48,base,Convergence,202.74
Sapphire Rapids,gfortran,48,fmath,Convergence,224.52
Sapphire Rapids,gfortran,48,fmath,Convergence,224.71
Sapphire Rapids,gfortran,48,fmath,Convergence,224.45
Ice Lake,gfortran,16,fmath,Convergence,348.26
Ice Lake,gfortran,16,fmath,Convergence,348.53
Ice Lake,gfortran,16,fmath,Convergence,347.33
Ice Lake,gfortran,32,fmath,Convergence,285.53
Ice Lake,gfortran,32,fmath,Convergence,286.48
Ice Lake,gfortran,32,fmath,Convergence,287.03
Ice Lake,gfortran,64,fmath,Convergence,263.26
Ice Lake,gfortran,64,fmath,Convergence,265.79
Ice Lake,gfortran,64,fmath,Convergence,263.85
Ice Lake,gfortran,24,fmath,Convergence,316.84
Ice Lake,gfortran,24,fmath,Convergence,317.13
Ice Lake,gfortran,24,fmath,Convergence,315.81
Sapphire Rapids,gfortran,16,fmath,Convergence,302.62
Sapphire Rapids,gfortran,16,fmath,Convergence,303.98
Sapphire Rapids,gfortran,16,fmath,Convergence,304.34000000000003
Sapphire Rapids,gfortran,32,fmath,Convergence,239.67
Sapphire Rapids,gfortran,32,fmath,Convergence,239.96
Sapphire Rapids,gfortran,32,fmath,Convergence,239.9
Sapphire Rapids,gfortran,64,fmath,Convergence,216.23
Sapphire Rapids,gfortran,64,fmath,Convergence,215.94
Sapphire Rapids,gfortran,64,fmath,Convergence,215.92
Sapphire Rapids,gfortran,24,fmath,Convergence,270.89
Sapphire Rapids,gfortran,24,fmath,Convergence,269.92
Sapphire Rapids,gfortran,24,fmath,Convergence,269.86
Emerald Rapids,gfortran,16,fmath,Convergence,277.06
Emerald Rapids,gfortran,16,fmath,Convergence,277.22
Emerald Rapids,gfortran,16,fmath,Convergence,277.08
Emerald Rapids,gfortran,32,fmath,Convergence,219.83
Emerald Rapids,gfortran,32,fmath,Convergence,218.99
Emerald Rapids,gfortran,32,fmath,Convergence,220.97
Emerald Rapids,gfortran,64,fmath,Convergence,202.7
Emerald Rapids,gfortran,64,fmath,Convergence,200.02
Emerald Rapids,gfortran,64,fmath,Convergence,200.44
Emerald Rapids,gfortran,24,fmath,Convergence,245.9
Emerald Rapids,gfortran,24,fmath,Convergence,245.6
Emerald Rapids,gfortran,24,fmath,Convergence,245.17
Ice Lake,gfortran,48,fmath,Convergence,272.76
Ice Lake,gfortran,48,fmath,Convergence,273.82
Ice Lake,gfortran,48,fmath,Convergence,273.73
Emerald Rapids,gfortran,48,fmath,Convergence,205.53
Emerald Rapids,gfortran,48,fmath,Convergence,205.38
Emerald Rapids,gfortran,48,fmath,Convergence,205.66
Emerald Rapids,gfortran,48,fmath,Convergence,206.46
Emerald Rapids,gfortran,48,fmath,Convergence,206.05
Emerald Rapids,gfortran,48,fmath,Convergence,206.35999999999999
Sapphire Rapids,gfortran,48,host,Convergence,224.29999999999998
Sapphire Rapids,gfortran,48,host,Convergence,224.72
Sapphire Rapids,gfortran,48,host,Convergence,225.85
Ice Lake,gfortran,16,host,Convergence,346.79
Ice Lake,gfortran,16,host,Convergence,348.89
Ice Lake,gfortran,16,host,Convergence,348.36
Ice Lake,gfortran,32,host,Convergence,287.28
Ice Lake,gfortran,32,host,Convergence,287.04
Ice Lake,gfortran,32,host,Convergence,286.3
Ice Lake,gfortran,64,host,Convergence,263.25
Ice Lake,gfortran,64,host,Convergence,264.18
Ice Lake,gfortran,64,host,Convergence,266.13
Ice Lake,gfortran,24,host,Convergence,316.73
Ice Lake,gfortran,24,host,Convergence,317.84000000000003
Ice Lake,gfortran,24,host,Convergence,316.06
Sapphire Rapids,gfortran,16,host,Convergence,304.07
Sapphire Rapids,gfortran,16,host,Convergence,305.47
Sapphire Rapids,gfortran,16,host,Convergence,305.5
Sapphire Rapids,gfortran,32,host,Convergence,240.09
Sapphire Rapids,gfortran,32,host,Convergence,240.45
Sapphire Rapids,gfortran,32,host,Convergence,242.04
Sapphire Rapids,gfortran,64,host,Convergence,216.17
Sapphire Rapids,gfortran,64,host,Convergence,218.39
Sapphire Rapids,gfortran,64,host,Convergence,218.47
Sapphire Rapids,gfortran,24,host,Convergence,269.46
Sapphire Rapids,gfortran,24,host,Convergence,269.72
Sapphire Rapids,gfortran,24,host,Convergence,270.64
Emerald Rapids,gfortran,16,host,Convergence,276.79
Emerald Rapids,gfortran,16,host,Convergence,275.44
Emerald Rapids,gfortran,16,host,Convergence,275.99
Emerald Rapids,gfortran,32,host,Convergence,220.16
Emerald Rapids,gfortran,32,host,Convergence,221.01999999999998
Emerald Rapids,gfortran,32,host,Convergence,219.31
Emerald Rapids,gfortran,64,host,Convergence,200.01
Emerald Rapids,gfortran,64,host,Convergence,201.51
Emerald Rapids,gfortran,64,host,Convergence,199.91
Emerald Rapids,gfortran,24,host,Convergence,245.59
Emerald Rapids,gfortran,24,host,Convergence,244.55
Emerald Rapids,gfortran,24,host,Convergence,244.99
Ice Lake,gfortran,48,host,Convergence,273.65
Ice Lake,gfortran,48,host,Convergence,274.01
Ice Lake,gfortran,48,host,Convergence,274.16
Emerald Rapids,gfortran,48,host,Convergence,206.24
Emerald Rapids,gfortran,48,host,Convergence,205.66
Emerald Rapids,gfortran,48,host,Convergence,205.18
Emerald Rapids,gfortran,48,host,Convergence,207.86
Emerald Rapids,gfortran,48,host,Convergence,205.69
Sapphire Rapids,ifx,48,base,Convergence,204.95
Sapphire Rapids,ifx,48,base,Convergence,188.9
Sapphire Rapids,ifx,48,base,Convergence,189.09
Ice Lake,ifx,16,base,Convergence,305.67
Ice Lake,ifx,16,base,Convergence,305.25
Ice Lake,ifx,16,base,Convergence,305.42
Ice Lake,ifx,32,base,Convergence,245.01
Ice Lake,ifx,32,base,Convergence,244.89
Ice Lake,ifx,32,base,Convergence,245.45
Ice Lake,ifx,64,base,Convergence,230.13
Ice Lake,ifx,64,base,Convergence,230.05
Ice Lake,ifx,64,base,Convergence,229.14000000000001
Ice Lake,ifx,24,base,Convergence,272.03999999999996
Ice Lake,ifx,24,base,Convergence,272.03
Ice Lake,ifx,24,base,Convergence,270.75
Sapphire Rapids,ifx,16,base,Convergence,253.54
Sapphire Rapids,ifx,16,base,Convergence,254.31
Sapphire Rapids,ifx,16,base,Convergence,255.10999999999999
Sapphire Rapids,ifx,32,base,Convergence,194.64
Sapphire Rapids,ifx,32,base,Convergence,194.5
Sapphire Rapids,ifx,32,base,Convergence,195.32
Sapphire Rapids,ifx,64,base,Convergence,190.2
Sapphire Rapids,ifx,64,base,Convergence,190.67
Sapphire Rapids,ifx,64,base,Convergence,182.72
Sapphire Rapids,ifx,24,base,Convergence,219.56
Sapphire Rapids,ifx,24,base,Convergence,220.9
Sapphire Rapids,ifx,24,base,Convergence,220.32
Emerald Rapids,ifx,16,base,Convergence,226.93
Emerald Rapids,ifx,16,base,Convergence,227.03
Emerald Rapids,ifx,16,base,Convergence,228.03
Emerald Rapids,ifx,32,base,Convergence,176.98
Emerald Rapids,ifx,32,base,Convergence,177.31
Emerald Rapids,ifx,32,base,Convergence,177.14
Emerald Rapids,ifx,64,base,Convergence,174.54
Emerald Rapids,ifx,64,base,Convergence,174.34
Emerald Rapids,ifx,64,base,Convergence,174.46
Emerald Rapids,ifx,24,base,Convergence,197.05
Emerald Rapids,ifx,24,base,Convergence,198.35
Emerald Rapids,ifx,24,base,Convergence,197.63
Ice Lake,ifx,48,base,Convergence,237.53
Ice Lake,ifx,48,base,Convergence,239.67
Ice Lake,ifx,48,base,Convergence,238.6
Emerald Rapids,ifx,48,base,Convergence,171.56
Sapphire Rapids,ifx,48,fmath,Convergence,177.22
Sapphire Rapids,ifx,48,fmath,Convergence,190.56
Sapphire Rapids,ifx,48,fmath,Convergence,176.83
Ice Lake,ifx,16,fmath,Convergence,318.90999999999997
Ice Lake,ifx,16,fmath,Convergence,318.32
Ice Lake,ifx,16,fmath,Convergence,318.26
Ice Lake,ifx,32,fmath,Convergence,238.61
Ice Lake,ifx,32,fmath,Convergence,237.64
Ice Lake,ifx,32,fmath,Convergence,238.66
Ice Lake,ifx,64,fmath,Convergence,214.68
Ice Lake,ifx,64,fmath,Convergence,215.03
Ice Lake,ifx,64,fmath,Convergence,214.57
Ice Lake,ifx,24,fmath,Convergence,276.51
Ice Lake,ifx,24,fmath,Convergence,275.59
Ice Lake,ifx,24,fmath,Convergence,274.97
Sapphire Rapids,ifx,16,fmath,Convergence,238.6
Sapphire Rapids,ifx,16,fmath,Convergence,239.04
Sapphire Rapids,ifx,32,fmath,Convergence,181.5
Sapphire Rapids,ifx,32,fmath,Convergence,181.75
Sapphire Rapids,ifx,32,fmath,Convergence,182.57999999999998
Sapphire Rapids,ifx,64,fmath,Convergence,175.69
Sapphire Rapids,ifx,64,fmath,Convergence,170.79
Sapphire Rapids,ifx,64,fmath,Convergence,172.69
Sapphire Rapids,ifx,24,fmath,Convergence,206.18
Sapphire Rapids,ifx,24,fmath,Convergence,205.55
Sapphire Rapids,ifx,24,fmath,Convergence,206.14
Emerald Rapids,ifx,16,fmath,Convergence,211.93
Emerald Rapids,ifx,16,fmath,Convergence,211.78
Emerald Rapids,ifx,16,fmath,Convergence,212.37
Emerald Rapids,ifx,32,fmath,Convergence,162.75
Emerald Rapids,ifx,32,fmath,Convergence,163.57
Emerald Rapids,ifx,32,fmath,Convergence,163.28
Emerald Rapids,ifx,64,fmath,Convergence,162.51
Emerald Rapids,ifx,64,fmath,Convergence,160.63
Emerald Rapids,ifx,64,fmath,Convergence,161.3
Emerald Rapids,ifx,24,fmath,Convergence,182.21
Emerald Rapids,ifx,24,fmath,Convergence,182.49
Emerald Rapids,ifx,24,fmath,Convergence,182.64
Ice Lake,ifx,48,fmath,Convergence,225.86
Ice Lake,ifx,48,fmath,Convergence,227.38
Ice Lake,ifx,48,fmath,Convergence,226.91
Emerald Rapids,ifx,48,fmath,Convergence,158.65
Emerald Rapids,ifx,48,fmath,Convergence,158.88
Emerald Rapids,ifx,48,fmath,Convergence,158.02
Sapphire Rapids,ifx,48,host,Convergence,190.9
Sapphire Rapids,ifx,48,host,Convergence,190.95
Sapphire Rapids,ifx,48,host,Convergence,192.42000000000002
Ice Lake,ifx,16,host,Convergence,341.75
Ice Lake,ifx,16,host,Convergence,341.23
Ice Lake,ifx,16,host,Convergence,342.04
Ice Lake,ifx,32,host,Convergence,261.26
Ice Lake,ifx,32,host,Convergence,261.26
Ice Lake,ifx,32,host,Convergence,260.95
Ice Lake,ifx,64,host,Convergence,237.04
Ice Lake,ifx,64,host,Convergence,236.55
Ice Lake,ifx,64,host,Convergence,236.28
Ice Lake,ifx,24,host,Convergence,297.71
Ice Lake,ifx,24,host,Convergence,297.46
Ice Lake,ifx,24,host,Convergence,299.46999999999997
Sapphire Rapids,ifx,16,host,Convergence,255.67
Sapphire Rapids,ifx,16,host,Convergence,256.56
Sapphire Rapids,ifx,16,host,Convergence,255.47
Sapphire Rapids,ifx,32,host,Convergence,196.93
Sapphire Rapids,ifx,32,host,Convergence,197.75
Sapphire Rapids,ifx,32,host,Convergence,196.4
Sapphire Rapids,ifx,64,host,Convergence,186.85
Sapphire Rapids,ifx,64,host,Convergence,192.85
Sapphire Rapids,ifx,64,host,Convergence,188.3
Sapphire Rapids,ifx,24,host,Convergence,222.49
Sapphire Rapids,ifx,24,host,Convergence,222.24
Sapphire Rapids,ifx,24,host,Convergence,221.66
Emerald Rapids,ifx,16,host,Convergence,228.86
Emerald Rapids,ifx,16,host,Convergence,229.09
Emerald Rapids,ifx,32,host,Convergence,178.85
Emerald Rapids,ifx,32,host,Convergence,179.67
Emerald Rapids,ifx,32,host,Convergence,179.53
Emerald Rapids,ifx,64,host,Convergence,175.33
Emerald Rapids,ifx,64,host,Convergence,170.83
Emerald Rapids,ifx,64,host,Convergence,175.73
Emerald Rapids,ifx,24,host,Convergence,199.04
Emerald Rapids,ifx,24,host,Convergence,198.23
Emerald Rapids,ifx,24,host,Convergence,198.67
Ice Lake,ifx,48,host,Convergence,249.29
Ice Lake,ifx,48,host,Convergence,248.05
Ice Lake,ifx,48,host,Convergence,248.91
Emerald Rapids,ifx,48,host,Convergence,173.72
Emerald Rapids,ifx,48,host,Convergence,173.73000000000002
Emerald Rapids,ifx,48,host,Convergence,173.04
Granite Rapids,gfortran,16,base,Convergence,276.71
Granite Rapids,gfortran,16,base,Convergence,278.37
Granite Rapids,gfortran,16,base,Convergence,276.07
Granite Rapids,gfortran,32,base,Convergence,227.96
Granite Rapids,gfortran,32,base,Convergence,227.68
Granite Rapids,gfortran,32,base,Convergence,227.63
Granite Rapids,gfortran,64,base,Convergence,193.26
Granite Rapids,gfortran,64,base,Convergence,192.96
Granite Rapids,gfortran,64,base,Convergence,186.26
Granite Rapids,gfortran,24,base,Convergence,242.42
Granite Rapids,gfortran,24,base,Convergence,243.57
Granite Rapids,gfortran,24,base,Convergence,250.62
Granite Rapids,gfortran,16,host,Convergence,284.04
Granite Rapids,gfortran,16,host,Convergence,283.39
Granite Rapids,gfortran,16,host,Convergence,284.58
Granite Rapids,gfortran,32,host,Convergence,235.99
Granite Rapids,gfortran,32,host,Convergence,235.27
Granite Rapids,gfortran,32,host,Convergence,237.56
Granite Rapids,gfortran,64,host,Convergence,203.94
Granite Rapids,gfortran,64,host,Convergence,201.3
Granite Rapids,gfortran,64,host,Convergence,202.17
Granite Rapids,gfortran,24,host,Convergence,258.78
Granite Rapids,gfortran,24,host,Convergence,259.71999999999997
Granite Rapids,gfortran,24,host,Convergence,258.06
Granite Rapids,ifx,16,base,Convergence,220.12
Granite Rapids,ifx,16,base,Convergence,219.91
Granite Rapids,ifx,16,base,Convergence,236.98999999999998
Granite Rapids,ifx,32,base,Convergence,179.03
Granite Rapids,ifx,32,base,Convergence,177.22
Granite Rapids,ifx,32,base,Convergence,175.81
Granite Rapids,ifx,64,base,Convergence,191.57
Granite Rapids,ifx,64,base,Convergence,192.46
Granite Rapids,ifx,64,base,Convergence,194.23
Granite Rapids,ifx,24,base,Convergence,192.35
Granite Rapids,ifx,24,base,Convergence,192.57
Granite Rapids,ifx,24,base,Convergence,192.03
Granite Rapids,ifx,16,host,Convergence,219.03
Granite Rapids,ifx,16,host,Convergence,219.54
Granite Rapids,ifx,16,host,Convergence,219.29
Granite Rapids,ifx,32,host,Convergence,173.99
Granite Rapids,ifx,32,host,Convergence,175.66
Granite Rapids,ifx,32,host,Convergence,176.29
Granite Rapids,ifx,64,host,Convergence,194.32
Granite Rapids,ifx,64,host,Convergence,192.34
Granite Rapids,ifx,64,host,Convergence,194.24
Granite Rapids,ifx,24,host,Convergence,192.75
Granite Rapids,ifx,24,host,Convergence,193.25
Granite Rapids,ifx,24,host,Convergence,192.38
Granite Rapids,ifx,16,fmath,Convergence,202.6
Granite Rapids,ifx,16,fmath,Convergence,202.07999999999998
Granite Rapids,ifx,16,fmath,Convergence,201.17000000000002
Granite Rapids,ifx,32,fmath,Convergence,160.47
Granite Rapids,ifx,32,fmath,Convergence,160.95
Granite Rapids,ifx,32,fmath,Convergence,161.16
Granite Rapids,ifx,64,fmath,Convergence,179.34
Granite Rapids,ifx,64,fmath,Convergence,177.69
Granite Rapids,ifx,64,fmath,Convergence,178.79
Granite Rapids,ifx,24,fmath,Convergence,177.0
Granite Rapids,ifx,24,fmath,Convergence,176.81
Granite Rapids,ifx,24,fmath,Convergence,175.10999999999999
Granite Rapids,gfortran,16,fmath,Convergence,284.14
Granite Rapids,gfortran,16,fmath,Convergence,285.17
Granite Rapids,gfortran,16,fmath,Convergence,281.48
Granite Rapids,gfortran,32,fmath,Convergence,235.2
Granite Rapids,gfortran,32,fmath,Convergence,236.21
Granite Rapids,gfortran,32,fmath,Convergence,235.64
Granite Rapids,gfortran,64,fmath,Convergence,201.8
Granite Rapids,gfortran,64,fmath,Convergence,202.72
Granite Rapids,gfortran,64,fmath,Convergence,202.14
Granite Rapids,gfortran,24,fmath,Convergence,258.42
Granite Rapids,gfortran,24,fmath,Convergence,257.9
Granite Rapids,gfortran,24,fmath,Convergence,258.14
Granite Rapids,gfortran,48,base,Convergence,213.51
Granite Rapids,gfortran,48,base,Convergence,214.01
Granite Rapids,gfortran,48,base,Convergence,212.46
Granite Rapids,gfortran,48,host,Convergence,223.82
Granite Rapids,gfortran,48,host,Convergence,221.95
Granite Rapids,gfortran,48,host,Convergence,221.55
Granite Rapids,gfortran,48,fmath,Convergence,222.34
Granite Rapids,gfortran,48,fmath,Convergence,222.19
Granite Rapids,gfortran,48,fmath,Convergence,221.34
Granite Rapids,ifx,48,base,Convergence,183.77
Granite Rapids,ifx,48,base,Convergence,177.96
Granite Rapids,ifx,48,base,Convergence,180.14
Granite Rapids,ifx,48,host,Convergence,178.52
Granite Rapids,ifx,48,host,Convergence,180.24
Granite Rapids,ifx,48,host,Convergence,179.7
Granite Rapids,ifx,48,fmath,Convergence,163.01999999999998
Granite Rapids,ifx,48,fmath,Convergence,164.04
Granite Rapids,ifx,48,fmath,Convergence,163.41
Sapphire Rapids,gfortran,48,base,Electronic,674.29
Sapphire Rapids,gfortran,48,base,Electronic,676.8299999999999
Sapphire Rapids,gfortran,48,base,Electronic,674.75
Sapphire Rapids,gfortran,48,base,Electronic,676.35
Sapphire Rapids,gfortran,48,base,Electronic,665.47
Ice Lake,gfortran,16,base,Electronic,1935.9
Ice Lake,gfortran,16,base,Electronic,1920.67
Ice Lake,gfortran,16,base,Electronic,1913.35
Ice Lake,gfortran,32,base,Electronic,1166.3
Ice Lake,gfortran,32,base,Electronic,1181.05
Ice Lake,gfortran,32,base,Electronic,1222.27
Ice Lake,gfortran,64,base,Electronic,917.14
Ice Lake,gfortran,64,base,Electronic,928.18
Ice Lake,gfortran,64,base,Electronic,935.87
Ice Lake,gfortran,24,base,Electronic,1410.54
Ice Lake,gfortran,24,base,Electronic,1426.62
Ice Lake,gfortran,24,base,Electronic,1453.68
Sapphire Rapids,gfortran,16,base,Electronic,1707.3700000000001
Sapphire Rapids,gfortran,16,base,Electronic,1711.8700000000001
Sapphire Rapids,gfortran,32,base,Electronic,963.62
Sapphire Rapids,gfortran,32,base,Electronic,1028.03
Sapphire Rapids,gfortran,32,base,Electronic,964.94
Sapphire Rapids,gfortran,64,base,Electronic,630.54
Sapphire Rapids,gfortran,64,base,Electronic,638.8199999999999
Sapphire Rapids,gfortran,64,base,Electronic,617.26
Sapphire Rapids,gfortran,24,base,Electronic,1190.24
Sapphire Rapids,gfortran,24,base,Electronic,1204.45
Sapphire Rapids,gfortran,24,base,Electronic,1199.44
Emerald Rapids,gfortran,16,base,Electronic,1432.0900000000001
Emerald Rapids,gfortran,16,base,Electronic,1441.6200000000001
Emerald Rapids,gfortran,16,base,Electronic,1429.92
Emerald Rapids,gfortran,32,base,Electronic,798.02
Emerald Rapids,gfortran,32,base,Electronic,850.8
Emerald Rapids,gfortran,32,base,Electronic,785.09
Emerald Rapids,gfortran,64,base,Electronic,513.1
Emerald Rapids,gfortran,64,base,Electronic,495.59
Emerald Rapids,gfortran,64,base,Electronic,498.25
Emerald Rapids,gfortran,24,base,Electronic,1012.0600000000001
Emerald Rapids,gfortran,24,base,Electronic,1008.86
Emerald Rapids,gfortran,24,base,Electronic,977.7
Ice Lake,gfortran,48,base,Electronic,924.86
Ice Lake,gfortran,48,base,Electronic,929.64
Ice Lake,gfortran,48,base,Electronic,917.66
Emerald Rapids,gfortran,48,base,Electronic,554.48
Emerald Rapids,gfortran,48,base,Electronic,556.46
Emerald Rapids,gfortran,48,base,Electronic,555.11
Sapphire Rapids,gfortran,48,fmath,Electronic,678.17
Sapphire Rapids,gfortran,48,fmath,Electronic,677.73
Sapphire Rapids,gfortran,48,fmath,Electronic,676.69
Ice Lake,gfortran,16,fmath,Electronic,1932.72
Ice Lake,gfortran,16,fmath,Electronic,1918.67
Ice Lake,gfortran,16,fmath,Electronic,1938.29
Ice Lake,gfortran,32,fmath,Electronic,1153.8
Ice Lake,gfortran,32,fmath,Electronic,1186.68
Ice Lake,gfortran,32,fmath,Electronic,1144.6399999999999
Ice Lake,gfortran,64,fmath,Electronic,921.77
Ice Lake,gfortran,64,fmath,Electronic,922.91
Ice Lake,gfortran,64,fmath,Electronic,963.25
Ice Lake,gfortran,24,fmath,Electronic,1405.45
Ice Lake,gfortran,24,fmath,Electronic,1417.6299999999999
Ice Lake,gfortran,24,fmath,Electronic,1418.91
Sapphire Rapids,gfortran,16,fmath,Electronic,1683.58
Sapphire Rapids,gfortran,16,fmath,Electronic,1707.8899999999999
Sapphire Rapids,gfortran,16,fmath,Electronic,1690.68
Sapphire Rapids,gfortran,32,fmath,Electronic,971.12
Sapphire Rapids,gfortran,32,fmath,Electronic,970.12
Sapphire Rapids,gfortran,32,fmath,Electronic,973.0
Sapphire Rapids,gfortran,64,fmath,Electronic,675.89
Sapphire Rapids,gfortran,64,fmath,Electronic,642.99
Sapphire Rapids,gfortran,64,fmath,Electronic,648.14
Sapphire Rapids,gfortran,24,fmath,Electronic,1180.88
Sapphire Rapids,gfortran,24,fmath,Electronic,1208.44
Sapphire Rapids,gfortran,24,fmath,Electronic,1178.6000000000001
Emerald Rapids,gfortran,16,fmath,Electronic,1446.8
Emerald Rapids,gfortran,16,fmath,Electronic,1458.19
Emerald Rapids,gfortran,16,fmath,Electronic,1428.43
Emerald Rapids,gfortran,32,fmath,Electronic,800.4799999999999
Emerald Rapids,gfortran,32,fmath,Electronic,785.93
Emerald Rapids,gfortran,32,fmath,Electronic,836.66
Emerald Rapids,gfortran,64,fmath,Electronic,500.15000000000003
Emerald Rapids,gfortran,64,fmath,Electronic,497.35
Emerald Rapids,gfortran,64,fmath,Electronic,521.83
Emerald Rapids,gfortran,24,fmath,Electronic,1017.34
Emerald Rapids,gfortran,24,fmath,Electronic,979.72
Emerald Rapids,gfortran,24,fmath,Electronic,987.3199999999999
Ice Lake,gfortran,48,fmath,Electronic,930.47
Ice Lake,gfortran,48,fmath,Electronic,916.65
Ice Lake,gfortran,48,fmath,Electronic,930.49
Emerald Rapids,gfortran,48,fmath,Electronic,556.77
Emerald Rapids,gfortran,48,fmath,Electronic,556.99
Emerald Rapids,gfortran,48,fmath,Electronic,554.58
Emerald Rapids,gfortran,48,fmath,Electronic,548.95
Emerald Rapids,gfortran,48,fmath,Electronic,558.02
Emerald Rapids,gfortran,48,fmath,Electronic,546.19
Sapphire Rapids,gfortran,48,host,Electronic,679.72
Sapphire Rapids,gfortran,48,host,Electronic,677.15
Sapphire Rapids,gfortran,48,host,Electronic,676.52
Ice Lake,gfortran,16,host,Electronic,1905.24
Ice Lake,gfortran,16,host,Electronic,1913.93
Ice Lake,gfortran,16,host,Electronic,1918.7499999999998
Ice Lake,gfortran,32,host,Electronic,1138.64
Ice Lake,gfortran,32,host,Electronic,1145.91
Ice Lake,gfortran,32,host,Electronic,1148.64
Ice Lake,gfortran,64,host,Electronic,922.63
Ice Lake,gfortran,64,host,Electronic,919.01
Ice Lake,gfortran,64,host,Electronic,956.62
Ice Lake,gfortran,24,host,Electronic,1417.5100000000002
Ice Lake,gfortran,24,host,Electronic,1432.78
Ice Lake,gfortran,24,host,Electronic,1399.04
Sapphire Rapids,gfortran,16,host,Electronic,1729.8
Sapphire Rapids,gfortran,16,host,Electronic,1705.3600000000001
Sapphire Rapids,gfortran,16,host,Electronic,1708.23
Sapphire Rapids,gfortran,32,host,Electronic,979.19
Sapphire Rapids,gfortran,32,host,Electronic,969.85
Sapphire Rapids,gfortran,32,host,Electronic,968.5500000000001
Sapphire Rapids,gfortran,64,host,Electronic,637.63
Sapphire Rapids,gfortran,64,host,Electronic,643.9
Sapphire Rapids,gfortran,64,host,Electronic,656.59
Sapphire Rapids,gfortran,24,host,Electronic,1176.18
Sapphire Rapids,gfortran,24,host,Electronic,1187.55
Sapphire Rapids,gfortran,24,host,Electronic,1195.09
Emerald Rapids,gfortran,16,host,Electronic,1423.07
Emerald Rapids,gfortran,16,host,Electronic,1465.28
Emerald Rapids,gfortran,16,host,Electronic,1459.04
Emerald Rapids,gfortran,32,host,Electronic,797.23
Emerald Rapids,gfortran,32,host,Electronic,847.9000000000001
Emerald Rapids,gfortran,32,host,Electronic,854.67
Emerald Rapids,gfortran,64,host,Electronic,520.18
Emerald Rapids,gfortran,64,host,Electronic,511.73
Emerald Rapids,gfortran,64,host,Electronic,521.64
Emerald Rapids,gfortran,24,host,Electronic,1004.6800000000001
Emerald Rapids,gfortran,24,host,Electronic,1019.1
Emerald Rapids,gfortran,24,host,Electronic,996.14
Ice Lake,gfortran,48,host,Electronic,930.8299999999999
Ice Lake,gfortran,48,host,Electronic,922.19
Ice Lake,gfortran,48,host,Electronic,929.33
Emerald Rapids,gfortran,48,host,Electronic,547.49
Emerald Rapids,gfortran,48,host,Electronic,552.4300000000001
Emerald Rapids,gfortran,48,host,Electronic,554.23
Emerald Rapids,gfortran,48,host,Electronic,556.63
Emerald Rapids,gfortran,48,host,Electronic,557.09
Sapphire Rapids,ifx,48,base,Electronic,684.9499999999999
Sapphire Rapids,ifx,48,base,Electronic,682.16
Sapphire Rapids,ifx,48,base,Electronic,681.0400000000001
Ice Lake,ifx,16,base,Electronic,1808.69
Ice Lake,ifx,16,base,Electronic,1803.46
Ice Lake,ifx,16,base,Electronic,1803.3
Ice Lake,ifx,32,base,Electronic,1150.7
Ice Lake,ifx,32,base,Electronic,1081.47
Ice Lake,ifx,32,base,Electronic,1065.82
Ice Lake,ifx,64,base,Electronic,955.99
Ice Lake,ifx,64,base,Electronic,976.1
Ice Lake,ifx,64,base,Electronic,953.4000000000001
Ice Lake,ifx,24,base,Electronic,1366.54
Ice Lake,ifx,24,base,Electronic,1346.56
Ice Lake,ifx,24,base,Electronic,1345.33
Sapphire Rapids,ifx,16,base,Electronic,1695.5800000000002
Sapphire Rapids,ifx,16,base,Electronic,1719.96
Sapphire Rapids,ifx,16,base,Electronic,1708.02
Sapphire Rapids,ifx,32,base,Electronic,982.4399999999999
Sapphire Rapids,ifx,32,base,Electronic,991.9
Sapphire Rapids,ifx,32,base,Electronic,990.83
Sapphire Rapids,ifx,64,base,Electronic,817.94
Sapphire Rapids,ifx,64,base,Electronic,817.2
Sapphire Rapids,ifx,64,base,Electronic,790.65
Sapphire Rapids,ifx,24,base,Electronic,1190.8
Sapphire Rapids,ifx,24,base,Electronic,1186.5
Sapphire Rapids,ifx,24,base,Electronic,1189.38
Emerald Rapids,ifx,16,base,Electronic,1428.0900000000001
Emerald Rapids,ifx,16,base,Electronic,1420.84
Emerald Rapids,ifx,16,base,Electronic,1384.74
Emerald Rapids,ifx,32,base,Electronic,804.07
Emerald Rapids,ifx,32,base,Electronic,812.0100000000001
Emerald Rapids,ifx,32,base,Electronic,807.18
Emerald Rapids,ifx,64,base,Electronic,657.4100000000001
Emerald Rapids,ifx,64,base,Electronic,678.0899999999999
Emerald Rapids,ifx,64,base,Electronic,698.7900000000001
Emerald Rapids,ifx,24,base,Electronic,955.4100000000001
Emerald Rapids,ifx,24,base,Electronic,984.4300000000001
Emerald Rapids,ifx,24,base,Electronic,966.46
Ice Lake,ifx,48,base,Electronic,891.81
Ice Lake,ifx,48,base,Electronic,888.56
Ice Lake,ifx,48,base,Electronic,882.9
Emerald Rapids,ifx,48,base,Electronic,553.25
Sapphire Rapids,ifx,48,fmath,Electronic,679.79
Sapphire Rapids,ifx,48,fmath,Electronic,681.62
Sapphire Rapids,ifx,48,fmath,Electronic,678.1
Ice Lake,ifx,16,fmath,Electronic,2030.02
Ice Lake,ifx,16,fmath,Electronic,2026.8
Ice Lake,ifx,16,fmath,Electronic,2037.39
Ice Lake,ifx,32,fmath,Electronic,1149.47
Ice Lake,ifx,32,fmath,Electronic,1151.93
Ice Lake,ifx,32,fmath,Electronic,1159.1
Ice Lake,ifx,64,fmath,Electronic,986.13
Ice Lake,ifx,64,fmath,Electronic,1076.4
Ice Lake,ifx,64,fmath,Electronic,1008.19
Ice Lake,ifx,24,fmath,Electronic,1458.85
Ice Lake,ifx,24,fmath,Electronic,1434.9
Ice Lake,ifx,24,fmath,Electronic,1460.17
Sapphire Rapids,ifx,16,fmath,Electronic,1723.81
Sapphire Rapids,ifx,16,fmath,Electronic,1724.03
Sapphire Rapids,ifx,32,fmath,Electronic,1028.58
Sapphire Rapids,ifx,32,fmath,Electronic,982.5
Sapphire Rapids,ifx,32,fmath,Electronic,989.6700000000001
Sapphire Rapids,ifx,64,fmath,Electronic,796.48
Sapphire Rapids,ifx,64,fmath,Electronic,791.88
Sapphire Rapids,ifx,64,fmath,Electronic,792.09
Sapphire Rapids,ifx,24,fmath,Electronic,1145.06
Sapphire Rapids,ifx,24,fmath,Electronic,1158.8
Sapphire Rapids,ifx,24,fmath,Electronic,1157.87
Emerald Rapids,ifx,16,fmath,Electronic,1378.2
Emerald Rapids,ifx,16,fmath,Electronic,1394.63
Emerald Rapids,ifx,16,fmath,Electronic,1398.55
Emerald Rapids,ifx,32,fmath,Electronic,792.26
Emerald Rapids,ifx,32,fmath,Electronic,789.36
Emerald Rapids,ifx,32,fmath,Electronic,797.1800000000001
Emerald Rapids,ifx,64,fmath,Electronic,658.0999999999999
Emerald Rapids,ifx,64,fmath,Electronic,646.06
Emerald Rapids,ifx,64,fmath,Electronic,653.45
Emerald Rapids,ifx,24,fmath,Electronic,958.0799999999999
Emerald Rapids,ifx,24,fmath,Electronic,928.19
Emerald Rapids,ifx,24,fmath,Electronic,957.29
Ice Lake,ifx,48,fmath,Electronic,932.25
Ice Lake,ifx,48,fmath,Electronic,931.9
Ice Lake,ifx,48,fmath,Electronic,917.4200000000001
Emerald Rapids,ifx,48,fmath,Electronic,549.08
Emerald Rapids,ifx,48,fmath,Electronic,548.3199999999999
Emerald Rapids,ifx,48,fmath,Electronic,548.77
Sapphire Rapids,ifx,48,host,Electronic,684.93
Sapphire Rapids,ifx,48,host,Electronic,677.11
Sapphire Rapids,ifx,48,host,Electronic,686.24
Ice Lake,ifx,16,host,Electronic,2050.5299999999997
Ice Lake,ifx,16,host,Electronic,2065.98
Ice Lake,ifx,16,host,Electronic,2113.3599999999997
Ice Lake,ifx,32,host,Electronic,1161.22
Ice Lake,ifx,32,host,Electronic,1166.78
Ice Lake,ifx,32,host,Electronic,1172.6100000000001
Ice Lake,ifx,64,host,Electronic,1020.5
Ice Lake,ifx,64,host,Electronic,1009.47
Ice Lake,ifx,64,host,Electronic,1018.93
Ice Lake,ifx,24,host,Electronic,1475.3
Ice Lake,ifx,24,host,Electronic,1462.8600000000001
Ice Lake,ifx,24,host,Electronic,1417.8700000000001
Sapphire Rapids,ifx,16,host,Electronic,1716.6399999999999
Sapphire Rapids,ifx,16,host,Electronic,1709.12
Sapphire Rapids,ifx,16,host,Electronic,1736.44
Sapphire Rapids,ifx,32,host,Electronic,983.2700000000001
Sapphire Rapids,ifx,32,host,Electronic,990.13
Sapphire Rapids,ifx,32,host,Electronic,1042.54
Sapphire Rapids,ifx,64,host,Electronic,777.51
Sapphire Rapids,ifx,64,host,Electronic,798.51
Sapphire Rapids,ifx,64,host,Electronic,810.1700000000001
Sapphire Rapids,ifx,24,host,Electronic,1188.47
Sapphire Rapids,ifx,24,host,Electronic,1174.16
Sapphire Rapids,ifx,24,host,Electronic,1172.85
Emerald Rapids,ifx,16,host,Electronic,1396.1
Emerald Rapids,ifx,16,host,Electronic,1427.5
Emerald Rapids,ifx,32,host,Electronic,807.07
Emerald Rapids,ifx,32,host,Electronic,809.88
Emerald Rapids,ifx,32,host,Electronic,806.54
Emerald Rapids,ifx,64,host,Electronic,672.9399999999999
Emerald Rapids,ifx,64,host,Electronic,634.83
Emerald Rapids,ifx,64,host,Electronic,659.87
Emerald Rapids,ifx,24,host,Electronic,947.86
Emerald Rapids,ifx,24,host,Electronic,942.16
Emerald Rapids,ifx,24,host,Electronic,945.8
Ice Lake,ifx,48,host,Electronic,945.49
Ice Lake,ifx,48,host,Electronic,924.24
Ice Lake,ifx,48,host,Electronic,939.14
Emerald Rapids,ifx,48,host,Electronic,557.05
Emerald Rapids,ifx,48,host,Electronic,548.85
Emerald Rapids,ifx,48,host,Electronic,547.46
Granite Rapids,gfortran,16,base,Electronic,1693.48
Granite Rapids,gfortran,16,base,Electronic,1710.84
Granite Rapids,gfortran,16,base,Electronic,1656.48
Granite Rapids,gfortran,32,base,Electronic,1068.15
Granite Rapids,gfortran,32,base,Electronic,1070.05
Granite Rapids,gfortran,32,base,Electronic,1067.06
Granite Rapids,gfortran,64,base,Electronic,739.11
Granite Rapids,gfortran,64,base,Electronic,762.8199999999999
Granite Rapids,gfortran,64,base,Electronic,680.8199999999999
Granite Rapids,gfortran,24,base,Electronic,1165.55
Granite Rapids,gfortran,24,base,Electronic,1191.17
Granite Rapids,gfortran,24,base,Electronic,1223.55
Granite Rapids,gfortran,16,host,Electronic,1652.03
Granite Rapids,gfortran,16,host,Electronic,1634.9
Granite Rapids,gfortran,16,host,Electronic,1659.0
Granite Rapids,gfortran,32,host,Electronic,1057.3
Granite Rapids,gfortran,32,host,Electronic,1063.31
Granite Rapids,gfortran,32,host,Electronic,1065.49
Granite Rapids,gfortran,64,host,Electronic,754.22
Granite Rapids,gfortran,64,host,Electronic,746.39
Granite Rapids,gfortran,64,host,Electronic,763.11
Granite Rapids,gfortran,24,host,Electronic,1237.25
Granite Rapids,gfortran,24,host,Electronic,1209.43
Granite Rapids,gfortran,24,host,Electronic,1219.5900000000001
Granite Rapids,ifx,16,base,Electronic,1452.6100000000001
Granite Rapids,ifx,16,base,Electronic,1456.5
Granite Rapids,ifx,16,base,Electronic,1610.2199999999998
Granite Rapids,ifx,32,base,Electronic,945.1999999999999
Granite Rapids,ifx,32,base,Electronic,892.4799999999999
Granite Rapids,ifx,32,base,Electronic,879.5699999999999
Granite Rapids,ifx,64,base,Electronic,845.4200000000001
Granite Rapids,ifx,64,base,Electronic,853.98
Granite Rapids,ifx,64,base,Electronic,861.01
Granite Rapids,ifx,24,base,Electronic,980.89
Granite Rapids,ifx,24,base,Electronic,990.04
Granite Rapids,ifx,24,base,Electronic,968.94
Granite Rapids,ifx,16,host,Electronic,1462.52
Granite Rapids,ifx,16,host,Electronic,1464.97
Granite Rapids,ifx,16,host,Electronic,1483.0
Granite Rapids,ifx,32,host,Electronic,878.66
Granite Rapids,ifx,32,host,Electronic,876.4799999999999
Granite Rapids,ifx,32,host,Electronic,873.14
Granite Rapids,ifx,64,host,Electronic,859.98
Granite Rapids,ifx,64,host,Electronic,877.65
Granite Rapids,ifx,64,host,Electronic,939.9399999999999
Granite Rapids,ifx,24,host,Electronic,972.03
Granite Rapids,ifx,24,host,Electronic,1003.7
Granite Rapids,ifx,24,host,Electronic,980.36
Granite Rapids,ifx,16,fmath,Electronic,1456.07
Granite Rapids,ifx,16,fmath,Electronic,1466.24
Granite Rapids,ifx,16,fmath,Electronic,1450.59
Granite Rapids,ifx,32,fmath,Electronic,861.34
Granite Rapids,ifx,32,fmath,Electronic,861.79
Granite Rapids,ifx,32,fmath,Electronic,868.68
Granite Rapids,ifx,64,fmath,Electronic,876.17
Granite Rapids,ifx,64,fmath,Electronic,871.08
Granite Rapids,ifx,64,fmath,Electronic,877.94
Granite Rapids,ifx,24,fmath,Electronic,985.28
Granite Rapids,ifx,24,fmath,Electronic,960.4200000000001
Granite Rapids,ifx,24,fmath,Electronic,963.34
Granite Rapids,gfortran,16,fmath,Electronic,1672.86
Granite Rapids,gfortran,16,fmath,Electronic,1676.12
Granite Rapids,gfortran,16,fmath,Electronic,1647.6899999999998
Granite Rapids,gfortran,32,fmath,Electronic,1067.83
Granite Rapids,gfortran,32,fmath,Electronic,1124.33
Granite Rapids,gfortran,32,fmath,Electronic,1064.9
Granite Rapids,gfortran,64,fmath,Electronic,739.22
Granite Rapids,gfortran,64,fmath,Electronic,754.81
Granite Rapids,gfortran,64,fmath,Electronic,758.0400000000001
Granite Rapids,gfortran,24,fmath,Electronic,1236.23
Granite Rapids,gfortran,24,fmath,Electronic,1234.46
Granite Rapids,gfortran,24,fmath,Electronic,1204.75
Granite Rapids,gfortran,48,base,Electronic,821.51
Granite Rapids,gfortran,48,base,Electronic,820.77
Granite Rapids,gfortran,48,base,Electronic,822.61
Granite Rapids,gfortran,48,host,Electronic,821.79
Granite Rapids,gfortran,48,host,Electronic,816.55
Granite Rapids,gfortran,48,host,Electronic,823.6600000000001
Granite Rapids,gfortran,48,fmath,Electronic,820.5899999999999
Granite Rapids,gfortran,48,fmath,Electronic,819.62
Granite Rapids,gfortran,48,fmath,Electronic,820.21
Granite Rapids,ifx,48,base,Electronic,562.75
Granite Rapids,ifx,48,base,Electronic,563.73
Granite Rapids,ifx,48,base,Electronic,557.26
Granite Rapids,ifx,48,host,Electronic,563.7
Granite Rapids,ifx,48,host,Electronic,568.8100000000001
Granite Rapids,ifx,48,host,Electronic,568.08
Granite Rapids,ifx,48,fmath,Electronic,551.9399999999999
Granite Rapids,ifx,48,fmath,Electronic,555.4399999999999
Granite Rapids,ifx,48,fmath,Electronic,553.11
Sapphire Rapids,gfortran,48,base,Phonon,225.76999999999998
Sapphire Rapids,gfortran,48,base,Phonon,225.18
Sapphire Rapids,gfortran,48,base,Phonon,225.08999999999997
Sapphire Rapids,gfortran,48,base,Phonon,225.38
Sapphire Rapids,gfortran,48,base,Phonon,225.91
Ice Lake,gfortran,16,base,Phonon,586.47
Ice Lake,gfortran,16,base,Phonon,598.22
Ice Lake,gfortran,16,base,Phonon,600.62
Ice Lake,gfortran,32,base,Phonon,365.96000000000004
Ice Lake,gfortran,32,base,Phonon,365.85
Ice Lake,gfortran,32,base,Phonon,367.48
Ice Lake,gfortran,64,base,Phonon,325.0
Ice Lake,gfortran,64,base,Phonon,323.48
Ice Lake,gfortran,64,base,Phonon,325.25
Ice Lake,gfortran,24,base,Phonon,483.41
Ice Lake,gfortran,24,base,Phonon,483.06
Ice Lake,gfortran,24,base,Phonon,482.02
Sapphire Rapids,gfortran,16,base,Phonon,533.46
Sapphire Rapids,gfortran,16,base,Phonon,536.07
Sapphire Rapids,gfortran,32,base,Phonon,297.81
Sapphire Rapids,gfortran,32,base,Phonon,297.81
Sapphire Rapids,gfortran,32,base,Phonon,297.07
Sapphire Rapids,gfortran,64,base,Phonon,212.29999999999998
Sapphire Rapids,gfortran,64,base,Phonon,212.47
Sapphire Rapids,gfortran,64,base,Phonon,211.79
Sapphire Rapids,gfortran,24,base,Phonon,397.88
Sapphire Rapids,gfortran,24,base,Phonon,399.51
Sapphire Rapids,gfortran,24,base,Phonon,398.08
Emerald Rapids,gfortran,16,base,Phonon,456.22
Emerald Rapids,gfortran,16,base,Phonon,458.23
Emerald Rapids,gfortran,16,base,Phonon,458.34000000000003
Emerald Rapids,gfortran,32,base,Phonon,249.24999999999997
Emerald Rapids,gfortran,32,base,Phonon,249.34
Emerald Rapids,gfortran,32,base,Phonon,249.19
Emerald Rapids,gfortran,64,base,Phonon,169.65
Emerald Rapids,gfortran,64,base,Phonon,169.52
Emerald Rapids,gfortran,64,base,Phonon,169.44
Emerald Rapids,gfortran,24,base,Phonon,339.4
Emerald Rapids,gfortran,24,base,Phonon,338.31
Emerald Rapids,gfortran,24,base,Phonon,339.08000000000004
Ice Lake,gfortran,48,base,Phonon,306.98
Ice Lake,gfortran,48,base,Phonon,313.77
Ice Lake,gfortran,48,base,Phonon,307.63
Emerald Rapids,gfortran,48,base,Phonon,186.97
Emerald Rapids,gfortran,48,base,Phonon,187.76000000000002
Emerald Rapids,gfortran,48,base,Phonon,186.59
Sapphire Rapids,gfortran,48,fmath,Phonon,223.42999999999998
Sapphire Rapids,gfortran,48,fmath,Phonon,223.82000000000002
Sapphire Rapids,gfortran,48,fmath,Phonon,223.57
Ice Lake,gfortran,16,fmath,Phonon,587.39
Ice Lake,gfortran,16,fmath,Phonon,592.89
Ice Lake,gfortran,16,fmath,Phonon,583.4
Ice Lake,gfortran,32,fmath,Phonon,357.24
Ice Lake,gfortran,32,fmath,Phonon,360.0
Ice Lake,gfortran,32,fmath,Phonon,360.08000000000004
Ice Lake,gfortran,64,fmath,Phonon,320.33
Ice Lake,gfortran,64,fmath,Phonon,323.17
Ice Lake,gfortran,64,fmath,Phonon,324.53
Ice Lake,gfortran,24,fmath,Phonon,473.77000000000004
Ice Lake,gfortran,24,fmath,Phonon,477.59
Ice Lake,gfortran,24,fmath,Phonon,474.84999999999997
Sapphire Rapids,gfortran,16,fmath,Phonon,528.49
Sapphire Rapids,gfortran,16,fmath,Phonon,523.85
Sapphire Rapids,gfortran,16,fmath,Phonon,525.74
Sapphire Rapids,gfortran,32,fmath,Phonon,294.78000000000003
Sapphire Rapids,gfortran,32,fmath,Phonon,294.71999999999997
Sapphire Rapids,gfortran,32,fmath,Phonon,294.02
Sapphire Rapids,gfortran,64,fmath,Phonon,212.11
Sapphire Rapids,gfortran,64,fmath,Phonon,211.82000000000002
Sapphire Rapids,gfortran,64,fmath,Phonon,211.18
Sapphire Rapids,gfortran,24,fmath,Phonon,392.21000000000004
Sapphire Rapids,gfortran,24,fmath,Phonon,393.07
Sapphire Rapids,gfortran,24,fmath,Phonon,393.35999999999996
Emerald Rapids,gfortran,16,fmath,Phonon,448.26
Emerald Rapids,gfortran,16,fmath,Phonon,450.95
Emerald Rapids,gfortran,16,fmath,Phonon,447.36
Emerald Rapids,gfortran,32,fmath,Phonon,246.59
Emerald Rapids,gfortran,32,fmath,Phonon,246.48000000000002
Emerald Rapids,gfortran,32,fmath,Phonon,245.35999999999999
Emerald Rapids,gfortran,64,fmath,Phonon,167.11
Emerald Rapids,gfortran,64,fmath,Phonon,170.18
Emerald Rapids,gfortran,64,fmath,Phonon,168.47
Emerald Rapids,gfortran,24,fmath,Phonon,333.12
Emerald Rapids,gfortran,24,fmath,Phonon,333.88
Emerald Rapids,gfortran,24,fmath,Phonon,333.85
Ice Lake,gfortran,48,fmath,Phonon,303.87
Ice Lake,gfortran,48,fmath,Phonon,303.15999999999997
Ice Lake,gfortran,48,fmath,Phonon,303.52
Emerald Rapids,gfortran,48,fmath,Phonon,185.09000000000003
Emerald Rapids,gfortran,48,fmath,Phonon,184.74
Emerald Rapids,gfortran,48,fmath,Phonon,185.19
Emerald Rapids,gfortran,48,fmath,Phonon,184.59
Emerald Rapids,gfortran,48,fmath,Phonon,185.13
Emerald Rapids,gfortran,48,fmath,Phonon,185.54999999999998
Sapphire Rapids,gfortran,48,host,Phonon,224.29
Sapphire Rapids,gfortran,48,host,Phonon,224.66
Sapphire Rapids,gfortran,48,host,Phonon,223.47
Ice Lake,gfortran,16,host,Phonon,584.99
Ice Lake,gfortran,16,host,Phonon,589.09
Ice Lake,gfortran,16,host,Phonon,589.5600000000001
Ice Lake,gfortran,32,host,Phonon,359.31
Ice Lake,gfortran,32,host,Phonon,357.90999999999997
Ice Lake,gfortran,32,host,Phonon,359.34
Ice Lake,gfortran,64,host,Phonon,321.43
Ice Lake,gfortran,64,host,Phonon,324.84000000000003
Ice Lake,gfortran,64,host,Phonon,323.46
Ice Lake,gfortran,24,host,Phonon,470.64000000000004
Ice Lake,gfortran,24,host,Phonon,474.76
Ice Lake,gfortran,24,host,Phonon,471.96999999999997
Sapphire Rapids,gfortran,16,host,Phonon,530.45
Sapphire Rapids,gfortran,16,host,Phonon,526.63
Sapphire Rapids,gfortran,16,host,Phonon,527.59
Sapphire Rapids,gfortran,32,host,Phonon,292.83
Sapphire Rapids,gfortran,32,host,Phonon,294.16
Sapphire Rapids,gfortran,32,host,Phonon,293.53
Sapphire Rapids,gfortran,64,host,Phonon,211.91000000000003
Sapphire Rapids,gfortran,64,host,Phonon,212.02
Sapphire Rapids,gfortran,64,host,Phonon,211.69
Sapphire Rapids,gfortran,24,host,Phonon,393.46000000000004
Sapphire Rapids,gfortran,24,host,Phonon,392.78999999999996
Sapphire Rapids,gfortran,24,host,Phonon,392.12
Emerald Rapids,gfortran,16,host,Phonon,448.87
Emerald Rapids,gfortran,16,host,Phonon,448.89
Emerald Rapids,gfortran,16,host,Phonon,452.90999999999997
Emerald Rapids,gfortran,32,host,Phonon,246.61
Emerald Rapids,gfortran,32,host,Phonon,246.85
Emerald Rapids,gfortran,32,host,Phonon,245.23
Emerald Rapids,gfortran,64,host,Phonon,169.45
Emerald Rapids,gfortran,64,host,Phonon,168.35
Emerald Rapids,gfortran,64,host,Phonon,167.55
Emerald Rapids,gfortran,24,host,Phonon,334.36
Emerald Rapids,gfortran,24,host,Phonon,332.95
Emerald Rapids,gfortran,24,host,Phonon,332.37
Ice Lake,gfortran,48,host,Phonon,304.93
Ice Lake,gfortran,48,host,Phonon,305.07
Ice Lake,gfortran,48,host,Phonon,305.66
Emerald Rapids,gfortran,48,host,Phonon,184.95999999999998
Emerald Rapids,gfortran,48,host,Phonon,184.2
Emerald Rapids,gfortran,48,host,Phonon,185.08999999999997
Emerald Rapids,gfortran,48,host,Phonon,185.25
Emerald Rapids,gfortran,48,host,Phonon,184.92
Sapphire Rapids,ifx,48,base,Phonon,217.94
Sapphire Rapids,ifx,48,base,Phonon,214.83999999999997
Sapphire Rapids,ifx,48,base,Phonon,215.93
Ice Lake,ifx,16,base,Phonon,545.52
Ice Lake,ifx,16,base,Phonon,545.71
Ice Lake,ifx,16,base,Phonon,545.24
Ice Lake,ifx,32,base,Phonon,319.99
Ice Lake,ifx,32,base,Phonon,319.78000000000003
Ice Lake,ifx,32,base,Phonon,320.2
Ice Lake,ifx,64,base,Phonon,304.53000000000003
Ice Lake,ifx,64,base,Phonon,310.66
Ice Lake,ifx,64,base,Phonon,308.23
Ice Lake,ifx,24,base,Phonon,452.52000000000004
Ice Lake,ifx,24,base,Phonon,455.53000000000003
Ice Lake,ifx,24,base,Phonon,451.21000000000004
Sapphire Rapids,ifx,16,base,Phonon,506.05
Sapphire Rapids,ifx,16,base,Phonon,505.16
Sapphire Rapids,ifx,16,base,Phonon,505.79
Sapphire Rapids,ifx,32,base,Phonon,273.93
Sapphire Rapids,ifx,32,base,Phonon,274.28000000000003
Sapphire Rapids,ifx,32,base,Phonon,274.87
Sapphire Rapids,ifx,64,base,Phonon,203.04
Sapphire Rapids,ifx,64,base,Phonon,203.69
Sapphire Rapids,ifx,64,base,Phonon,202.07999999999998
Sapphire Rapids,ifx,24,base,Phonon,380.92
Sapphire Rapids,ifx,24,base,Phonon,380.9
Sapphire Rapids,ifx,24,base,Phonon,381.44
Emerald Rapids,ifx,16,base,Phonon,415.67999999999995
Emerald Rapids,ifx,16,base,Phonon,413.52
Emerald Rapids,ifx,16,base,Phonon,413.58
Emerald Rapids,ifx,32,base,Phonon,222.43
Emerald Rapids,ifx,32,base,Phonon,222.36
Emerald Rapids,ifx,32,base,Phonon,222.86
Emerald Rapids,ifx,64,base,Phonon,162.51
Emerald Rapids,ifx,64,base,Phonon,161.57
Emerald Rapids,ifx,64,base,Phonon,162.38
Emerald Rapids,ifx,24,base,Phonon,313.17
Emerald Rapids,ifx,24,base,Phonon,313.14
Emerald Rapids,ifx,24,base,Phonon,312.3
Ice Lake,ifx,48,base,Phonon,285.43
Ice Lake,ifx,48,base,Phonon,285.02
Ice Lake,ifx,48,base,Phonon,285.46000000000004
Emerald Rapids,ifx,48,base,Phonon,172.09
Sapphire Rapids,ifx,48,fmath,Phonon,208.25
Sapphire Rapids,ifx,48,fmath,Phonon,210.86
Sapphire Rapids,ifx,48,fmath,Phonon,208.45
Ice Lake,ifx,16,fmath,Phonon,605.82
Ice Lake,ifx,16,fmath,Phonon,603.4300000000001
Ice Lake,ifx,16,fmath,Phonon,606.26
Ice Lake,ifx,32,fmath,Phonon,306.64
Ice Lake,ifx,32,fmath,Phonon,305.28
Ice Lake,ifx,32,fmath,Phonon,307.89
Ice Lake,ifx,64,fmath,Phonon,308.65
Ice Lake,ifx,64,fmath,Phonon,307.86
Ice Lake,ifx,64,fmath,Phonon,308.07
Ice Lake,ifx,24,fmath,Phonon,482.52
Ice Lake,ifx,24,fmath,Phonon,484.21
Ice Lake,ifx,24,fmath,Phonon,481.69
Sapphire Rapids,ifx,16,fmath,Phonon,493.01
Sapphire Rapids,ifx,16,fmath,Phonon,494.46
Sapphire Rapids,ifx,32,fmath,Phonon,260.77
Sapphire Rapids,ifx,32,fmath,Phonon,261.40999999999997
Sapphire Rapids,ifx,32,fmath,Phonon,261.87
Sapphire Rapids,ifx,64,fmath,Phonon,196.59
Sapphire Rapids,ifx,64,fmath,Phonon,195.39
Sapphire Rapids,ifx,64,fmath,Phonon,196.59
Sapphire Rapids,ifx,24,fmath,Phonon,370.18
Sapphire Rapids,ifx,24,fmath,Phonon,370.11
Sapphire Rapids,ifx,24,fmath,Phonon,369.55
Emerald Rapids,ifx,16,fmath,Phonon,402.63
Emerald Rapids,ifx,16,fmath,Phonon,404.11999999999995
Emerald Rapids,ifx,16,fmath,Phonon,403.17999999999995
Emerald Rapids,ifx,32,fmath,Phonon,207.86
Emerald Rapids,ifx,32,fmath,Phonon,208.28
Emerald Rapids,ifx,32,fmath,Phonon,209.66
Emerald Rapids,ifx,64,fmath,Phonon,156.14
Emerald Rapids,ifx,64,fmath,Phonon,156.87
Emerald Rapids,ifx,64,fmath,Phonon,157.18
Emerald Rapids,ifx,24,fmath,Phonon,301.17
Emerald Rapids,ifx,24,fmath,Phonon,301.47
Emerald Rapids,ifx,24,fmath,Phonon,302.86
Ice Lake,ifx,48,fmath,Phonon,295.40000000000003
Ice Lake,ifx,48,fmath,Phonon,295.44
Ice Lake,ifx,48,fmath,Phonon,294.86
Emerald Rapids,ifx,48,fmath,Phonon,166.48
Emerald Rapids,ifx,48,fmath,Phonon,166.24
Emerald Rapids,ifx,48,fmath,Phonon,166.28
Sapphire Rapids,ifx,48,host,Phonon,215.92000000000002
Sapphire Rapids,ifx,48,host,Phonon,215.71
Sapphire Rapids,ifx,48,host,Phonon,216.31
Ice Lake,ifx,16,host,Phonon,622.39
Ice Lake,ifx,16,host,Phonon,622.3100000000001
Ice Lake,ifx,16,host,Phonon,628.28
Ice Lake,ifx,32,host,Phonon,321.64
Ice Lake,ifx,32,host,Phonon,320.15
Ice Lake,ifx,32,host,Phonon,319.9
Ice Lake,ifx,64,host,Phonon,317.65
Ice Lake,ifx,64,host,Phonon,316.38
Ice Lake,ifx,64,host,Phonon,317.5
Ice Lake,ifx,24,host,Phonon,497.32
Ice Lake,ifx,24,host,Phonon,498.77
Ice Lake,ifx,24,host,Phonon,502.34
Sapphire Rapids,ifx,16,host,Phonon,508.71
Sapphire Rapids,ifx,16,host,Phonon,506.19
Sapphire Rapids,ifx,16,host,Phonon,506.5
Sapphire Rapids,ifx,32,host,Phonon,274.16
Sapphire Rapids,ifx,32,host,Phonon,274.03
Sapphire Rapids,ifx,32,host,Phonon,274.56
Sapphire Rapids,ifx,64,host,Phonon,203.22
Sapphire Rapids,ifx,64,host,Phonon,205.20000000000002
Sapphire Rapids,ifx,64,host,Phonon,203.46999999999997
Sapphire Rapids,ifx,24,host,Phonon,384.81
Sapphire Rapids,ifx,24,host,Phonon,383.93
Sapphire Rapids,ifx,24,host,Phonon,384.11
Emerald Rapids,ifx,16,host,Phonon,410.48
Emerald Rapids,ifx,16,host,Phonon,415.29999999999995
Emerald Rapids,ifx,32,host,Phonon,221.82000000000002
Emerald Rapids,ifx,32,host,Phonon,222.44
Emerald Rapids,ifx,32,host,Phonon,220.61
Emerald Rapids,ifx,64,host,Phonon,164.51
Emerald Rapids,ifx,64,host,Phonon,163.17000000000002
Emerald Rapids,ifx,64,host,Phonon,164.46
Emerald Rapids,ifx,24,host,Phonon,315.82
Emerald Rapids,ifx,24,host,Phonon,315.40999999999997
Emerald Rapids,ifx,24,host,Phonon,315.94
Ice Lake,ifx,48,host,Phonon,305.03
Ice Lake,ifx,48,host,Phonon,305.17
Ice Lake,ifx,48,host,Phonon,304.77
Emerald Rapids,ifx,48,host,Phonon,173.89
Emerald Rapids,ifx,48,host,Phonon,173.62
Emerald Rapids,ifx,48,host,Phonon,174.08
Granite Rapids,gfortran,16,base,Phonon,551.26
Granite Rapids,gfortran,16,base,Phonon,549.6800000000001
Granite Rapids,gfortran,16,base,Phonon,540.86
Granite Rapids,gfortran,32,base,Phonon,395.82000000000005
Granite Rapids,gfortran,32,base,Phonon,398.50000000000006
Granite Rapids,gfortran,32,base,Phonon,396.2
Granite Rapids,gfortran,64,base,Phonon,286.36
Granite Rapids,gfortran,64,base,Phonon,286.02
Granite Rapids,gfortran,64,base,Phonon,246.77
Granite Rapids,gfortran,24,base,Phonon,435.13000000000005
Granite Rapids,gfortran,24,base,Phonon,437.46999999999997
Granite Rapids,gfortran,24,base,Phonon,463.95
Granite Rapids,gfortran,16,host,Phonon,490.59999999999997
Granite Rapids,gfortran,16,host,Phonon,489.56
Granite Rapids,gfortran,16,host,Phonon,491.61
Granite Rapids,gfortran,32,host,Phonon,345.58
Granite Rapids,gfortran,32,host,Phonon,348.45
Granite Rapids,gfortran,32,host,Phonon,345.39
Granite Rapids,gfortran,64,host,Phonon,266.9
Granite Rapids,gfortran,64,host,Phonon,260.82
Granite Rapids,gfortran,64,host,Phonon,267.21000000000004
Granite Rapids,gfortran,24,host,Phonon,396.22
Granite Rapids,gfortran,24,host,Phonon,396.9
Granite Rapids,gfortran,24,host,Phonon,396.64
Granite Rapids,ifx,16,base,Phonon,414.40000000000003
Granite Rapids,ifx,16,base,Phonon,413.82
Granite Rapids,ifx,16,base,Phonon,454.0
Granite Rapids,ifx,32,base,Phonon,225.43
Granite Rapids,ifx,32,base,Phonon,223.18
Granite Rapids,ifx,32,base,Phonon,217.92
Granite Rapids,ifx,64,base,Phonon,147.59
Granite Rapids,ifx,64,base,Phonon,150.31
Granite Rapids,ifx,64,base,Phonon,150.92
Granite Rapids,ifx,24,base,Phonon,310.8
Granite Rapids,ifx,24,base,Phonon,311.72
Granite Rapids,ifx,24,base,Phonon,310.51
Granite Rapids,ifx,16,host,Phonon,398.77
Granite Rapids,ifx,16,host,Phonon,393.78999999999996
Granite Rapids,ifx,16,host,Phonon,392.87
Granite Rapids,ifx,32,host,Phonon,204.88
Granite Rapids,ifx,32,host,Phonon,209.86
Granite Rapids,ifx,32,host,Phonon,210.8
Granite Rapids,ifx,64,host,Phonon,144.69
Granite Rapids,ifx,64,host,Phonon,145.96
Granite Rapids,ifx,64,host,Phonon,146.08
Granite Rapids,ifx,24,host,Phonon,301.71
Granite Rapids,ifx,24,host,Phonon,304.82
Granite Rapids,ifx,24,host,Phonon,300.33
Granite Rapids,ifx,16,fmath,Phonon,396.39
Granite Rapids,ifx,16,fmath,Phonon,390.02000000000004
Granite Rapids,ifx,16,fmath,Phonon,391.57
Granite Rapids,ifx,32,fmath,Phonon,200.29
Granite Rapids,ifx,32,fmath,Phonon,198.82
Granite Rapids,ifx,32,fmath,Phonon,203.16
Granite Rapids,ifx,64,fmath,Phonon,141.25
Granite Rapids,ifx,64,fmath,Phonon,141.27
Granite Rapids,ifx,64,fmath,Phonon,140.25
Granite Rapids,ifx,24,fmath,Phonon,295.73
Granite Rapids,ifx,24,fmath,Phonon,294.54
Granite Rapids,ifx,24,fmath,Phonon,290.71
Granite Rapids,gfortran,16,fmath,Phonon,497.53
Granite Rapids,gfortran,16,fmath,Phonon,500.37
Granite Rapids,gfortran,16,fmath,Phonon,489.99
Granite Rapids,gfortran,32,fmath,Phonon,345.94
Granite Rapids,gfortran,32,fmath,Phonon,350.56
Granite Rapids,gfortran,32,fmath,Phonon,347.53
Granite Rapids,gfortran,64,fmath,Phonon,265.65999999999997
Granite Rapids,gfortran,64,fmath,Phonon,267.46
Granite Rapids,gfortran,64,fmath,Phonon,265.96000000000004
Granite Rapids,gfortran,24,fmath,Phonon,396.66
Granite Rapids,gfortran,24,fmath,Phonon,396.26000000000005
Granite Rapids,gfortran,24,fmath,Phonon,396.55
Granite Rapids,gfortran,48,base,Phonon,303.45
Granite Rapids,gfortran,48,base,Phonon,302.91
Granite Rapids,gfortran,48,base,Phonon,301.54
Granite Rapids,gfortran,48,host,Phonon,280.31
Granite Rapids,gfortran,48,host,Phonon,280.05
Granite Rapids,gfortran,48,host,Phonon,281.29
Granite Rapids,gfortran,48,fmath,Phonon,281.24
Granite Rapids,gfortran,48,fmath,Phonon,282.01
Granite Rapids,gfortran,48,fmath,Phonon,280.42
Granite Rapids,ifx,48,base,Phonon,170.01
Granite Rapids,ifx,48,base,Phonon,170.4
Granite Rapids,ifx,48,base,Phonon,171.07
Granite Rapids,ifx,48,host,Phonon,165.28
Granite Rapids,ifx,48,host,Phonon,165.68
Granite Rapids,ifx,48,host,Phonon,165.60999999999999
Granite Rapids,ifx,48,fmath,Phonon,159.59
Granite Rapids,ifx,48,fmath,Phonon,161.57
Granite Rapids,ifx,48,fmath,Phonon,158.85999999999999
Sapphire Rapids,gfortran,48,base,Geometry,4073.75
Sapphire Rapids,gfortran,48,base,Geometry,4064.0499999999997
Sapphire Rapids,gfortran,48,base,Geometry,4059.93
Sapphire Rapids,gfortran,48,base,Geometry,4062.7000000000003
Sapphire Rapids,gfortran,48,base,Geometry,4057.01
Ice Lake,gfortran,16,base,Geometry,12123.57
Ice Lake,gfortran,16,base,Geometry,12068.63
Ice Lake,gfortran,16,base,Geometry,12114.300000000001
Ice Lake,gfortran,32,base,Geometry,7058.63
Ice Lake,gfortran,32,base,Geometry,6982.349999999999
Ice Lake,gfortran,32,base,Geometry,6999.41
Ice Lake,gfortran,64,base,Geometry,7012.1
Ice Lake,gfortran,64,base,Geometry,6999.46
Ice Lake,gfortran,64,base,Geometry,6996.4800000000005
Ice Lake,gfortran,24,base,Geometry,8734.550000000001
Ice Lake,gfortran,24,base,Geometry,8853.449999999999
Ice Lake,gfortran,24,base,Geometry,8906.07
Sapphire Rapids,gfortran,16,base,Geometry,10086.369999999999
Sapphire Rapids,gfortran,16,base,Geometry,10115.48
Sapphire Rapids,gfortran,32,base,Geometry,5588.89
Sapphire Rapids,gfortran,32,base,Geometry,5520.4800000000005
Sapphire Rapids,gfortran,32,base,Geometry,5587.14
Sapphire Rapids,gfortran,64,base,Geometry,4117.27
Sapphire Rapids,gfortran,64,base,Geometry,4150.12
Sapphire Rapids,gfortran,64,base,Geometry,4153.8
Sapphire Rapids,gfortran,24,base,Geometry,6976.18
Sapphire Rapids,gfortran,24,base,Geometry,6964.400000000001
Sapphire Rapids,gfortran,24,base,Geometry,6980.78
Emerald Rapids,gfortran,16,base,Geometry,8557.79
Emerald Rapids,gfortran,16,base,Geometry,8588.75
Emerald Rapids,gfortran,16,base,Geometry,8641.53
Emerald Rapids,gfortran,32,base,Geometry,4494.4
Emerald Rapids,gfortran,32,base,Geometry,4490.99
Emerald Rapids,gfortran,32,base,Geometry,4507.23
Emerald Rapids,gfortran,64,base,Geometry,3100.79
Emerald Rapids,gfortran,64,base,Geometry,3077.79
Emerald Rapids,gfortran,64,base,Geometry,3078.55
Emerald Rapids,gfortran,24,base,Geometry,5511.64
Emerald Rapids,gfortran,24,base,Geometry,5556.33
Emerald Rapids,gfortran,24,base,Geometry,5529.52
Ice Lake,gfortran,48,base,Geometry,6130.900000000001
Ice Lake,gfortran,48,base,Geometry,6174.04
Ice Lake,gfortran,48,base,Geometry,6194.1900000000005
Emerald Rapids,gfortran,48,base,Geometry,3093.98
Emerald Rapids,gfortran,48,base,Geometry,3081.6600000000003
Emerald Rapids,gfortran,48,base,Geometry,3081.64
Sapphire Rapids,gfortran,48,fmath,Geometry,4020.56
Sapphire Rapids,gfortran,48,fmath,Geometry,4039.9900000000002
Sapphire Rapids,gfortran,48,fmath,Geometry,4043.0699999999997
Ice Lake,gfortran,16,fmath,Geometry,12064.45
Ice Lake,gfortran,16,fmath,Geometry,12121.07
Ice Lake,gfortran,16,fmath,Geometry,11988.25
Ice Lake,gfortran,32,fmath,Geometry,6932.700000000001
Ice Lake,gfortran,32,fmath,Geometry,6978.53
Ice Lake,gfortran,32,fmath,Geometry,6994.3
Ice Lake,gfortran,64,fmath,Geometry,6945.320000000001
Ice Lake,gfortran,64,fmath,Geometry,6980.23
Ice Lake,gfortran,64,fmath,Geometry,7061.46
Ice Lake,gfortran,24,fmath,Geometry,8758.03
Ice Lake,gfortran,24,fmath,Geometry,8773.369999999999
Ice Lake,gfortran,24,fmath,Geometry,8795.17
Sapphire Rapids,gfortran,16,fmath,Geometry,10105.18
Sapphire Rapids,gfortran,16,fmath,Geometry,10093.15
Sapphire Rapids,gfortran,16,fmath,Geometry,10099.53
Sapphire Rapids,gfortran,32,fmath,Geometry,5551.47
Sapphire Rapids,gfortran,32,fmath,Geometry,5523.78
Sapphire Rapids,gfortran,32,fmath,Geometry,5510.92
Sapphire Rapids,gfortran,64,fmath,Geometry,4160.75
Sapphire Rapids,gfortran,64,fmath,Geometry,4160.04
Sapphire Rapids,gfortran,64,fmath,Geometry,4164.57
Sapphire Rapids,gfortran,24,fmath,Geometry,7049.5
Sapphire Rapids,gfortran,24,fmath,Geometry,6992.05
Sapphire Rapids,gfortran,24,fmath,Geometry,6948.11
Emerald Rapids,gfortran,16,fmath,Geometry,8640.91
Emerald Rapids,gfortran,16,fmath,Geometry,8726.95
Emerald Rapids,gfortran,16,fmath,Geometry,8673.74
Emerald Rapids,gfortran,32,fmath,Geometry,4468.05
Emerald Rapids,gfortran,32,fmath,Geometry,4473.55
Emerald Rapids,gfortran,32,fmath,Geometry,4483.37
Emerald Rapids,gfortran,64,fmath,Geometry,3047.67
Emerald Rapids,gfortran,64,fmath,Geometry,3086.75
Emerald Rapids,gfortran,64,fmath,Geometry,3072.64
Emerald Rapids,gfortran,24,fmath,Geometry,5552.110000000001
Emerald Rapids,gfortran,24,fmath,Geometry,5518.28
Emerald Rapids,gfortran,24,fmath,Geometry,5576.21
Ice Lake,gfortran,48,fmath,Geometry,6152.79
Ice Lake,gfortran,48,fmath,Geometry,6178.43
Ice Lake,gfortran,48,fmath,Geometry,6188.71
Emerald Rapids,gfortran,48,fmath,Geometry,3083.4
Emerald Rapids,gfortran,48,fmath,Geometry,3072.44
Emerald Rapids,gfortran,48,fmath,Geometry,3086.25
Emerald Rapids,gfortran,48,fmath,Geometry,3080.57
Emerald Rapids,gfortran,48,fmath,Geometry,3080.57
Emerald Rapids,gfortran,48,fmath,Geometry,3081.97
Sapphire Rapids,gfortran,48,host,Geometry,4039.42
Sapphire Rapids,gfortran,48,host,Geometry,4039.38
Sapphire Rapids,gfortran,48,host,Geometry,4046.52
Ice Lake,gfortran,16,host,Geometry,12048.5
Ice Lake,gfortran,16,host,Geometry,12099.58
Ice Lake,gfortran,16,host,Geometry,12103.89
Ice Lake,gfortran,32,host,Geometry,6884.02
Ice Lake,gfortran,32,host,Geometry,6926.26
Ice Lake,gfortran,32,host,Geometry,6958.63
Ice Lake,gfortran,64,host,Geometry,6995.07
Ice Lake,gfortran,64,host,Geometry,7055.03
Ice Lake,gfortran,64,host,Geometry,7026.18
Ice Lake,gfortran,24,host,Geometry,8775.86
Ice Lake,gfortran,24,host,Geometry,8671.789999999999
Ice Lake,gfortran,24,host,Geometry,8826.06
Sapphire Rapids,gfortran,16,host,Geometry,10118.39
Sapphire Rapids,gfortran,16,host,Geometry,10157.529999999999
Sapphire Rapids,gfortran,16,host,Geometry,10088.77
Sapphire Rapids,gfortran,32,host,Geometry,5563.76
Sapphire Rapids,gfortran,32,host,Geometry,5546.25
Sapphire Rapids,gfortran,32,host,Geometry,5541.82
Sapphire Rapids,gfortran,64,host,Geometry,4143.71
Sapphire Rapids,gfortran,64,host,Geometry,4178.49
Sapphire Rapids,gfortran,64,host,Geometry,4166.36
Sapphire Rapids,gfortran,24,host,Geometry,7021.3
Sapphire Rapids,gfortran,24,host,Geometry,7000.79
Sapphire Rapids,gfortran,24,host,Geometry,6921.31
Emerald Rapids,gfortran,16,host,Geometry,8679.17
Emerald Rapids,gfortran,16,host,Geometry,8727.14
Emerald Rapids,gfortran,16,host,Geometry,8653.62
Emerald Rapids,gfortran,32,host,Geometry,4482.09
Emerald Rapids,gfortran,32,host,Geometry,4485.54
Emerald Rapids,gfortran,32,host,Geometry,4464.29
Emerald Rapids,gfortran,64,host,Geometry,3095.54
Emerald Rapids,gfortran,64,host,Geometry,3067.85
Emerald Rapids,gfortran,64,host,Geometry,3025.31
Emerald Rapids,gfortran,24,host,Geometry,5602.85
Emerald Rapids,gfortran,24,host,Geometry,5547.86
Emerald Rapids,gfortran,24,host,Geometry,5526.46
Ice Lake,gfortran,48,host,Geometry,6185.53
Ice Lake,gfortran,48,host,Geometry,6129.71
Ice Lake,gfortran,48,host,Geometry,6195.75
Emerald Rapids,gfortran,48,host,Geometry,3051.3
Emerald Rapids,gfortran,48,host,Geometry,3051.44
Emerald Rapids,gfortran,48,host,Geometry,3077.54
Emerald Rapids,gfortran,48,host,Geometry,3083.87
Emerald Rapids,gfortran,48,host,Geometry,3082.57
Sapphire Rapids,ifx,48,base,Geometry,4008.64
Sapphire Rapids,ifx,48,base,Geometry,3988.13
Sapphire Rapids,ifx,48,base,Geometry,4036.6099999999997
Ice Lake,ifx,16,base,Geometry,11234.19
Ice Lake,ifx,16,base,Geometry,11227.98
Ice Lake,ifx,16,base,Geometry,11186.76
Ice Lake,ifx,32,base,Geometry,6160.34
Ice Lake,ifx,32,base,Geometry,6141.49
Ice Lake,ifx,32,base,Geometry,6152.6900000000005
Ice Lake,ifx,64,base,Geometry,6503.85
Ice Lake,ifx,64,base,Geometry,6533.47
Ice Lake,ifx,64,base,Geometry,6493.12
Ice Lake,ifx,24,base,Geometry,8174.18
Ice Lake,ifx,24,base,Geometry,8099.08
Ice Lake,ifx,24,base,Geometry,8086.78
Sapphire Rapids,ifx,16,base,Geometry,9708.81
Sapphire Rapids,ifx,16,base,Geometry,9788.43
Sapphire Rapids,ifx,16,base,Geometry,9819.69
Sapphire Rapids,ifx,32,base,Geometry,5169.87
Sapphire Rapids,ifx,32,base,Geometry,5178.889999999999
Sapphire Rapids,ifx,32,base,Geometry,5179.29
Sapphire Rapids,ifx,64,base,Geometry,4062.32
Sapphire Rapids,ifx,64,base,Geometry,4100.36
Sapphire Rapids,ifx,64,base,Geometry,4073.4700000000003
Sapphire Rapids,ifx,24,base,Geometry,6833.13
Sapphire Rapids,ifx,24,base,Geometry,6844.49
Sapphire Rapids,ifx,24,base,Geometry,6764.21
Emerald Rapids,ifx,16,base,Geometry,8065.6
Emerald Rapids,ifx,16,base,Geometry,8067.54
Emerald Rapids,ifx,16,base,Geometry,8067.2300000000005
Emerald Rapids,ifx,32,base,Geometry,4010.05
Emerald Rapids,ifx,32,base,Geometry,4020.96
Emerald Rapids,ifx,32,base,Geometry,4026.59
Emerald Rapids,ifx,64,base,Geometry,3016.93
Emerald Rapids,ifx,64,base,Geometry,2996.4700000000003
Emerald Rapids,ifx,64,base,Geometry,3011.5800000000004
Emerald Rapids,ifx,24,base,Geometry,5199.429999999999
Emerald Rapids,ifx,24,base,Geometry,5238.099999999999
Emerald Rapids,ifx,24,base,Geometry,5173.08
Ice Lake,ifx,48,base,Geometry,5934.93
Ice Lake,ifx,48,base,Geometry,5879.18
Ice Lake,ifx,48,base,Geometry,5926.4
Emerald Rapids,ifx,48,base,Geometry,3008.25
Sapphire Rapids,ifx,48,fmath,Geometry,3975.31
Sapphire Rapids,ifx,48,fmath,Geometry,3980.28
Sapphire Rapids,ifx,48,fmath,Geometry,3983.0899999999997
Ice Lake,ifx,16,fmath,Geometry,12001.960000000001
Ice Lake,ifx,16,fmath,Geometry,11982.16
Ice Lake,ifx,16,fmath,Geometry,12060.67
Ice Lake,ifx,32,fmath,Geometry,6085.25
Ice Lake,ifx,32,fmath,Geometry,6102.36
Ice Lake,ifx,32,fmath,Geometry,6109.93
Ice Lake,ifx,64,fmath,Geometry,6602.18
Ice Lake,ifx,64,fmath,Geometry,6680.04
Ice Lake,ifx,64,fmath,Geometry,6675.38
Ice Lake,ifx,24,fmath,Geometry,8336.18
Ice Lake,ifx,24,fmath,Geometry,8348.02
Ice Lake,ifx,24,fmath,Geometry,8430.62
Sapphire Rapids,ifx,16,fmath,Geometry,9563.67
Sapphire Rapids,ifx,16,fmath,Geometry,9666.9
Sapphire Rapids,ifx,32,fmath,Geometry,5099.48
Sapphire Rapids,ifx,32,fmath,Geometry,5103.14
Sapphire Rapids,ifx,32,fmath,Geometry,5116.7
Sapphire Rapids,ifx,64,fmath,Geometry,4032.22
Sapphire Rapids,ifx,64,fmath,Geometry,4022.59
Sapphire Rapids,ifx,64,fmath,Geometry,3980.6000000000004
Sapphire Rapids,ifx,24,fmath,Geometry,6684.54
Sapphire Rapids,ifx,24,fmath,Geometry,6646.54
Sapphire Rapids,ifx,24,fmath,Geometry,6674.13
Emerald Rapids,ifx,16,fmath,Geometry,7892.21
Emerald Rapids,ifx,16,fmath,Geometry,7899.7
Emerald Rapids,ifx,16,fmath,Geometry,7896.75
Emerald Rapids,ifx,32,fmath,Geometry,3903.68
Emerald Rapids,ifx,32,fmath,Geometry,3911.1099999999997
Emerald Rapids,ifx,32,fmath,Geometry,3917.63
Emerald Rapids,ifx,64,fmath,Geometry,2952.06
Emerald Rapids,ifx,64,fmath,Geometry,2954.29
Emerald Rapids,ifx,64,fmath,Geometry,2968.22
Emerald Rapids,ifx,24,fmath,Geometry,5118.9
Emerald Rapids,ifx,24,fmath,Geometry,5147.5
Emerald Rapids,ifx,24,fmath,Geometry,5129.32
Ice Lake,ifx,48,fmath,Geometry,6126.52
Ice Lake,ifx,48,fmath,Geometry,6092.41
Ice Lake,ifx,48,fmath,Geometry,6066.49
Emerald Rapids,ifx,48,fmath,Geometry,2978.93
Emerald Rapids,ifx,48,fmath,Geometry,2983.53
Emerald Rapids,ifx,48,fmath,Geometry,2977.62
Sapphire Rapids,ifx,48,host,Geometry,3976.29
Sapphire Rapids,ifx,48,host,Geometry,4012.96
Sapphire Rapids,ifx,48,host,Geometry,4007.27
Ice Lake,ifx,16,host,Geometry,12117.76
Ice Lake,ifx,16,host,Geometry,12025.4
Ice Lake,ifx,16,host,Geometry,11974.43
Ice Lake,ifx,32,host,Geometry,6153.91
Ice Lake,ifx,32,host,Geometry,6142.41
Ice Lake,ifx,32,host,Geometry,6114.02
Ice Lake,ifx,64,host,Geometry,6698.07
Ice Lake,ifx,64,host,Geometry,6696.7
Ice Lake,ifx,64,host,Geometry,6677.88
Ice Lake,ifx,24,host,Geometry,8519.53
Ice Lake,ifx,24,host,Geometry,8437.98
Ice Lake,ifx,24,host,Geometry,8517.21
Sapphire Rapids,ifx,16,host,Geometry,9715.73
Sapphire Rapids,ifx,16,host,Geometry,9691.18
Sapphire Rapids,ifx,16,host,Geometry,9698.4
Sapphire Rapids,ifx,32,host,Geometry,5161.620000000001
Sapphire Rapids,ifx,32,host,Geometry,5162.53
Sapphire Rapids,ifx,32,host,Geometry,5181.6900000000005
Sapphire Rapids,ifx,64,host,Geometry,4003.74
Sapphire Rapids,ifx,64,host,Geometry,4089.58
Sapphire Rapids,ifx,64,host,Geometry,4030.1099999999997
Sapphire Rapids,ifx,24,host,Geometry,6670.67
Sapphire Rapids,ifx,24,host,Geometry,6731.83
Sapphire Rapids,ifx,24,host,Geometry,6674.76
Emerald Rapids,ifx,16,host,Geometry,7962.639999999999
Emerald Rapids,ifx,16,host,Geometry,7951.12
Emerald Rapids,ifx,32,host,Geometry,3989.94
Emerald Rapids,ifx,32,host,Geometry,3996.95
Emerald Rapids,ifx,32,host,Geometry,3989.8
Emerald Rapids,ifx,64,host,Geometry,2971.2
Emerald Rapids,ifx,64,host,Geometry,2991.47
Emerald Rapids,ifx,64,host,Geometry,2977.98
Emerald Rapids,ifx,24,host,Geometry,5189.03
Emerald Rapids,ifx,24,host,Geometry,5166.27
Emerald Rapids,ifx,24,host,Geometry,5127.64
Ice Lake,ifx,48,host,Geometry,6133.01
Ice Lake,ifx,48,host,Geometry,6158.599999999999
Ice Lake,ifx,48,host,Geometry,6167.0
Emerald Rapids,ifx,48,host,Geometry,3013.49
Emerald Rapids,ifx,48,host,Geometry,3002.19
Emerald Rapids,ifx,48,host,Geometry,3008.4
Granite Rapids,gfortran,16,base,Geometry,9949.300000000001
Granite Rapids,gfortran,16,base,Geometry,10045.470000000001
Granite Rapids,gfortran,16,base,Geometry,9851.57
Granite Rapids,gfortran,32,base,Geometry,6928.98
Granite Rapids,gfortran,32,base,Geometry,6914.0199999999995
Granite Rapids,gfortran,32,base,Geometry,6869.33
Granite Rapids,gfortran,64,base,Geometry,5882.68
Granite Rapids,gfortran,64,base,Geometry,6080.37
Granite Rapids,gfortran,64,base,Geometry,4874.89
Granite Rapids,gfortran,24,base,Geometry,7310.58
Granite Rapids,gfortran,24,base,Geometry,7340.32
Granite Rapids,gfortran,24,base,Geometry,8000.53
Granite Rapids,gfortran,16,host,Geometry,9750.83
Granite Rapids,gfortran,16,host,Geometry,9597.74
Granite Rapids,gfortran,16,host,Geometry,9752.01
Granite Rapids,gfortran,32,host,Geometry,6855.820000000001
Granite Rapids,gfortran,32,host,Geometry,6847.21
Granite Rapids,gfortran,32,host,Geometry,6802.04
Granite Rapids,gfortran,64,host,Geometry,5941.19
Granite Rapids,gfortran,64,host,Geometry,5767.52
Granite Rapids,gfortran,64,host,Geometry,5900.17
Granite Rapids,gfortran,24,host,Geometry,7891.23
Granite Rapids,gfortran,24,host,Geometry,7860.240000000001
Granite Rapids,gfortran,24,host,Geometry,7840.52
Granite Rapids,ifx,16,base,Geometry,8151.48
Granite Rapids,ifx,16,base,Geometry,8147.17
Granite Rapids,ifx,16,base,Geometry,9184.41
Granite Rapids,ifx,32,base,Geometry,4095.09
Granite Rapids,ifx,32,base,Geometry,4005.89
Granite Rapids,ifx,32,base,Geometry,3942.21
Granite Rapids,ifx,64,base,Geometry,2496.18
Granite Rapids,ifx,64,base,Geometry,2522.5
Granite Rapids,ifx,64,base,Geometry,2559.4700000000003
Granite Rapids,ifx,24,base,Geometry,5239.650000000001
Granite Rapids,ifx,24,base,Geometry,5232.2300000000005
Granite Rapids,ifx,24,base,Geometry,5327.98
Granite Rapids,ifx,16,host,Geometry,8109.07
Granite Rapids,ifx,16,host,Geometry,8082.0
Granite Rapids,ifx,16,host,Geometry,8130.46
Granite Rapids,ifx,32,host,Geometry,3886.46
Granite Rapids,ifx,32,host,Geometry,3952.94
Granite Rapids,ifx,32,host,Geometry,3988.73
Granite Rapids,ifx,64,host,Geometry,2568.22
Granite Rapids,ifx,64,host,Geometry,2567.94
Granite Rapids,ifx,64,host,Geometry,2560.36
Granite Rapids,ifx,24,host,Geometry,5320.11
Granite Rapids,ifx,24,host,Geometry,5388.59
Granite Rapids,ifx,24,host,Geometry,5300.71
Granite Rapids,ifx,16,fmath,Geometry,8093.7699999999995
Granite Rapids,ifx,16,fmath,Geometry,7919.200000000001
Granite Rapids,ifx,16,fmath,Geometry,8004.900000000001
Granite Rapids,ifx,32,fmath,Geometry,3846.4
Granite Rapids,ifx,32,fmath,Geometry,3813.19
Granite Rapids,ifx,32,fmath,Geometry,3877.25
Granite Rapids,ifx,64,fmath,Geometry,2535.36
Granite Rapids,ifx,64,fmath,Geometry,2535.34
Granite Rapids,ifx,64,fmath,Geometry,2533.6
Granite Rapids,ifx,24,fmath,Geometry,5198.0199999999995
Granite Rapids,ifx,24,fmath,Geometry,5266.76
Granite Rapids,ifx,24,fmath,Geometry,5157.43
Granite Rapids,gfortran,16,fmath,Geometry,9756.71
Granite Rapids,gfortran,16,fmath,Geometry,9834.6
Granite Rapids,gfortran,16,fmath,Geometry,9742.28
Granite Rapids,gfortran,32,fmath,Geometry,6802.759999999999
Granite Rapids,gfortran,32,fmath,Geometry,6859.2
Granite Rapids,gfortran,32,fmath,Geometry,6816.1
Granite Rapids,gfortran,64,fmath,Geometry,5926.2
Granite Rapids,gfortran,64,fmath,Geometry,5936.339999999999
Granite Rapids,gfortran,64,fmath,Geometry,5930.25
Granite Rapids,gfortran,24,fmath,Geometry,7858.08
Granite Rapids,gfortran,24,fmath,Geometry,7911.82
Granite Rapids,gfortran,24,fmath,Geometry,7868.86
Granite Rapids,gfortran,48,base,Geometry,6255.24
Granite Rapids,gfortran,48,base,Geometry,6267.23
Granite Rapids,gfortran,48,base,Geometry,6265.41
Granite Rapids,gfortran,48,host,Geometry,6256.610000000001
Granite Rapids,gfortran,48,host,Geometry,6248.05
Granite Rapids,gfortran,48,host,Geometry,6184.44
Granite Rapids,gfortran,48,fmath,Geometry,6278.17
Granite Rapids,gfortran,48,fmath,Geometry,6275.41
Granite Rapids,gfortran,48,fmath,Geometry,6254.38
Granite Rapids,ifx,48,base,Geometry,2878.09
Granite Rapids,ifx,48,base,Geometry,2881.8199999999997
Granite Rapids,ifx,48,base,Geometry,2880.37
Granite Rapids,ifx,48,host,Geometry,2876.74
Granite Rapids,ifx,48,host,Geometry,2875.84
Granite Rapids,ifx,48,host,Geometry,2867.8599999999997
Granite Rapids,ifx,48,fmath,Geometry,2809.64
Granite Rapids,ifx,48,fmath,Geometry,2800.72
Granite Rapids,ifx,48,fmath,Geometry,2809.15
Sapphire Rapids,gfortran,48,base,Dispersion,1844.21
Sapphire Rapids,gfortran,48,base,Dispersion,1841.35
Sapphire Rapids,gfortran,48,base,Dispersion,1849.6399999999999
Sapphire Rapids,gfortran,48,base,Dispersion,1832.54
Sapphire Rapids,gfortran,48,base,Dispersion,1849.1
Ice Lake,gfortran,16,base,Dispersion,5243.54
Ice Lake,gfortran,16,base,Dispersion,5288.47
Ice Lake,gfortran,16,base,Dispersion,5240.51
Ice Lake,gfortran,32,base,Dispersion,2791.7200000000003
Ice Lake,gfortran,32,base,Dispersion,2774.68
Ice Lake,gfortran,32,base,Dispersion,2786.66
Ice Lake,gfortran,64,base,Dispersion,2830.7
Ice Lake,gfortran,64,base,Dispersion,2774.3900000000003
Ice Lake,gfortran,64,base,Dispersion,2803.2799999999997
Ice Lake,gfortran,24,base,Dispersion,4177.52
Ice Lake,gfortran,24,base,Dispersion,4199.38
Ice Lake,gfortran,24,base,Dispersion,4224.72
Sapphire Rapids,gfortran,16,base,Dispersion,4249.61
Sapphire Rapids,gfortran,16,base,Dispersion,4320.82
Sapphire Rapids,gfortran,32,base,Dispersion,2239.57
Sapphire Rapids,gfortran,32,base,Dispersion,2268.82
Sapphire Rapids,gfortran,32,base,Dispersion,2279.5
Sapphire Rapids,gfortran,64,base,Dispersion,1763.46
Sapphire Rapids,gfortran,64,base,Dispersion,1726.1999999999998
Sapphire Rapids,gfortran,64,base,Dispersion,1711.0500000000002
Sapphire Rapids,gfortran,24,base,Dispersion,3292.19
Sapphire Rapids,gfortran,24,base,Dispersion,3264.32
Sapphire Rapids,gfortran,24,base,Dispersion,3284.9
Emerald Rapids,gfortran,16,base,Dispersion,3619.7799999999997
Emerald Rapids,gfortran,16,base,Dispersion,3660.51
Emerald Rapids,gfortran,16,base,Dispersion,3670.22
Emerald Rapids,gfortran,32,base,Dispersion,1824.8500000000001
Emerald Rapids,gfortran,32,base,Dispersion,1825.6100000000001
Emerald Rapids,gfortran,32,base,Dispersion,1826.3600000000001
Emerald Rapids,gfortran,64,base,Dispersion,1308.15
Emerald Rapids,gfortran,64,base,Dispersion,1268.7
Emerald Rapids,gfortran,64,base,Dispersion,1280.24
Emerald Rapids,gfortran,24,base,Dispersion,2608.62
Emerald Rapids,gfortran,24,base,Dispersion,2590.71
Emerald Rapids,gfortran,24,base,Dispersion,2583.49
Ice Lake,gfortran,48,base,Dispersion,2716.49
Ice Lake,gfortran,48,base,Dispersion,2706.9
Ice Lake,gfortran,48,base,Dispersion,2694.71
Emerald Rapids,gfortran,48,base,Dispersion,1416.0900000000001
Emerald Rapids,gfortran,48,base,Dispersion,1419.94
Emerald Rapids,gfortran,48,base,Dispersion,1424.71
Sapphire Rapids,gfortran,48,fmath,Dispersion,1820.14
Sapphire Rapids,gfortran,48,fmath,Dispersion,1807.52
Sapphire Rapids,gfortran,48,fmath,Dispersion,1829.78
Ice Lake,gfortran,16,fmath,Dispersion,5206.09
Ice Lake,gfortran,16,fmath,Dispersion,5198.599999999999
Ice Lake,gfortran,16,fmath,Dispersion,5137.29
Ice Lake,gfortran,32,fmath,Dispersion,2745.53
Ice Lake,gfortran,32,fmath,Dispersion,2750.21
Ice Lake,gfortran,32,fmath,Dispersion,2755.16
Ice Lake,gfortran,64,fmath,Dispersion,2777.33
Ice Lake,gfortran,64,fmath,Dispersion,2845.99
Ice Lake,gfortran,64,fmath,Dispersion,2852.7
Ice Lake,gfortran,24,fmath,Dispersion,4221.05
Ice Lake,gfortran,24,fmath,Dispersion,4224.49
Ice Lake,gfortran,24,fmath,Dispersion,4146.43
Sapphire Rapids,gfortran,16,fmath,Dispersion,4250.86
Sapphire Rapids,gfortran,16,fmath,Dispersion,4183.82
Sapphire Rapids,gfortran,16,fmath,Dispersion,4222.92
Sapphire Rapids,gfortran,32,fmath,Dispersion,2254.95
Sapphire Rapids,gfortran,32,fmath,Dispersion,2258.94
Sapphire Rapids,gfortran,32,fmath,Dispersion,2245.81
Sapphire Rapids,gfortran,64,fmath,Dispersion,1717.81
Sapphire Rapids,gfortran,64,fmath,Dispersion,1728.34
Sapphire Rapids,gfortran,64,fmath,Dispersion,1701.23
Sapphire Rapids,gfortran,24,fmath,Dispersion,3274.71
Sapphire Rapids,gfortran,24,fmath,Dispersion,3287.36
Sapphire Rapids,gfortran,24,fmath,Dispersion,3265.52
Emerald Rapids,gfortran,16,fmath,Dispersion,3720.72
Emerald Rapids,gfortran,16,fmath,Dispersion,3685.34
Emerald Rapids,gfortran,16,fmath,Dispersion,3717.04
Emerald Rapids,gfortran,32,fmath,Dispersion,1803.54
Emerald Rapids,gfortran,32,fmath,Dispersion,1803.04
Emerald Rapids,gfortran,32,fmath,Dispersion,1817.79
Emerald Rapids,gfortran,64,fmath,Dispersion,1262.29
Emerald Rapids,gfortran,64,fmath,Dispersion,1291.94
Emerald Rapids,gfortran,64,fmath,Dispersion,1293.4
Emerald Rapids,gfortran,24,fmath,Dispersion,2636.54
Emerald Rapids,gfortran,24,fmath,Dispersion,2577.87
Emerald Rapids,gfortran,24,fmath,Dispersion,2631.11
Ice Lake,gfortran,48,fmath,Dispersion,2704.49
Ice Lake,gfortran,48,fmath,Dispersion,2655.2599999999998
Ice Lake,gfortran,48,fmath,Dispersion,2703.37
Emerald Rapids,gfortran,48,fmath,Dispersion,1442.15
Emerald Rapids,gfortran,48,fmath,Dispersion,1431.3899999999999
Emerald Rapids,gfortran,48,fmath,Dispersion,1442.98
Emerald Rapids,gfortran,48,fmath,Dispersion,1441.1399999999999
Emerald Rapids,gfortran,48,fmath,Dispersion,1414.37
Emerald Rapids,gfortran,48,fmath,Dispersion,1438.71
Sapphire Rapids,gfortran,48,host,Dispersion,1832.54
Sapphire Rapids,gfortran,48,host,Dispersion,1857.6
Sapphire Rapids,gfortran,48,host,Dispersion,1846.1
Ice Lake,gfortran,16,host,Dispersion,5305.32
Ice Lake,gfortran,16,host,Dispersion,5273.54
Ice Lake,gfortran,16,host,Dispersion,5205.22
Ice Lake,gfortran,32,host,Dispersion,2753.72
Ice Lake,gfortran,32,host,Dispersion,2731.7200000000003
Ice Lake,gfortran,32,host,Dispersion,2736.73
Ice Lake,gfortran,64,host,Dispersion,2843.98
Ice Lake,gfortran,64,host,Dispersion,2803.37
Ice Lake,gfortran,64,host,Dispersion,2783.41
Ice Lake,gfortran,24,host,Dispersion,4139.98
Ice Lake,gfortran,24,host,Dispersion,4264.51
Ice Lake,gfortran,24,host,Dispersion,4173.25
Sapphire Rapids,gfortran,16,host,Dispersion,4296.26
Sapphire Rapids,gfortran,16,host,Dispersion,4311.21
Sapphire Rapids,gfortran,16,host,Dispersion,4284.79
Sapphire Rapids,gfortran,32,host,Dispersion,2261.05
Sapphire Rapids,gfortran,32,host,Dispersion,2292.48
Sapphire Rapids,gfortran,32,host,Dispersion,2273.07
Sapphire Rapids,gfortran,64,host,Dispersion,1704.67
Sapphire Rapids,gfortran,64,host,Dispersion,1746.74
Sapphire Rapids,gfortran,64,host,Dispersion,1717.47
Sapphire Rapids,gfortran,24,host,Dispersion,3268.66
Sapphire Rapids,gfortran,24,host,Dispersion,3271.14
Sapphire Rapids,gfortran,24,host,Dispersion,3268.35
Emerald Rapids,gfortran,16,host,Dispersion,3692.49
Emerald Rapids,gfortran,16,host,Dispersion,3710.68
Emerald Rapids,gfortran,16,host,Dispersion,3757.55
Emerald Rapids,gfortran,32,host,Dispersion,1827.22
Emerald Rapids,gfortran,32,host,Dispersion,1831.21
Emerald Rapids,gfortran,32,host,Dispersion,1805.77
Emerald Rapids,gfortran,64,host,Dispersion,1266.68
Emerald Rapids,gfortran,64,host,Dispersion,1266.37
Emerald Rapids,gfortran,64,host,Dispersion,1284.59
Emerald Rapids,gfortran,24,host,Dispersion,2563.59
Emerald Rapids,gfortran,24,host,Dispersion,2560.85
Emerald Rapids,gfortran,24,host,Dispersion,2602.33
Ice Lake,gfortran,48,host,Dispersion,2694.37
Ice Lake,gfortran,48,host,Dispersion,2703.6800000000003
Ice Lake,gfortran,48,host,Dispersion,2768.46
Emerald Rapids,gfortran,48,host,Dispersion,1445.97
Emerald Rapids,gfortran,48,host,Dispersion,1415.25
Emerald Rapids,gfortran,48,host,Dispersion,1443.63
Emerald Rapids,gfortran,48,host,Dispersion,1431.76
Emerald Rapids,gfortran,48,host,Dispersion,1434.11
Sapphire Rapids,ifx,48,base,Dispersion,1845.22
Sapphire Rapids,ifx,48,base,Dispersion,1801.42
Sapphire Rapids,ifx,48,base,Dispersion,1802.52
Ice Lake,ifx,16,base,Dispersion,4942.32
Ice Lake,ifx,16,base,Dispersion,4939.45
Ice Lake,ifx,16,base,Dispersion,4945.7
Ice Lake,ifx,32,base,Dispersion,2406.31
Ice Lake,ifx,32,base,Dispersion,2413.26
Ice Lake,ifx,32,base,Dispersion,2426.3
Ice Lake,ifx,64,base,Dispersion,2613.8
Ice Lake,ifx,64,base,Dispersion,2616.75
Ice Lake,ifx,64,base,Dispersion,2583.17
Ice Lake,ifx,24,base,Dispersion,4005.13
Ice Lake,ifx,24,base,Dispersion,4061.03
Ice Lake,ifx,24,base,Dispersion,4011.7799999999997
Sapphire Rapids,ifx,16,base,Dispersion,4282.54
Sapphire Rapids,ifx,16,base,Dispersion,4340.88
Sapphire Rapids,ifx,16,base,Dispersion,4331.77
Sapphire Rapids,ifx,32,base,Dispersion,2123.81
Sapphire Rapids,ifx,32,base,Dispersion,2123.32
Sapphire Rapids,ifx,32,base,Dispersion,2139.64
Sapphire Rapids,ifx,64,base,Dispersion,1684.27
Sapphire Rapids,ifx,64,base,Dispersion,1706.38
Sapphire Rapids,ifx,64,base,Dispersion,1673.71
Sapphire Rapids,ifx,24,base,Dispersion,3312.77
Sapphire Rapids,ifx,24,base,Dispersion,3316.55
Sapphire Rapids,ifx,24,base,Dispersion,3379.85
Emerald Rapids,ifx,16,base,Dispersion,3561.13
Emerald Rapids,ifx,16,base,Dispersion,3614.91
Emerald Rapids,ifx,16,base,Dispersion,3595.9
Emerald Rapids,ifx,32,base,Dispersion,1666.38
Emerald Rapids,ifx,32,base,Dispersion,1653.37
Emerald Rapids,ifx,32,base,Dispersion,1663.52
Emerald Rapids,ifx,64,base,Dispersion,1255.53
Emerald Rapids,ifx,64,base,Dispersion,1253.53
Emerald Rapids,ifx,64,base,Dispersion,1277.2
Emerald Rapids,ifx,24,base,Dispersion,2532.27
Emerald Rapids,ifx,24,base,Dispersion,2528.11
Emerald Rapids,ifx,24,base,Dispersion,2543.12
Ice Lake,ifx,48,base,Dispersion,2547.56
Ice Lake,ifx,48,base,Dispersion,2575.41
Ice Lake,ifx,48,base,Dispersion,2627.42
Emerald Rapids,ifx,48,base,Dispersion,1362.41
Sapphire Rapids,ifx,48,fmath,Dispersion,1784.03
Sapphire Rapids,ifx,48,fmath,Dispersion,1789.15
Sapphire Rapids,ifx,48,fmath,Dispersion,1808.33
Ice Lake,ifx,16,fmath,Dispersion,5441.56
Ice Lake,ifx,16,fmath,Dispersion,5659.93
Ice Lake,ifx,16,fmath,Dispersion,5559.7
Ice Lake,ifx,32,fmath,Dispersion,2370.25
Ice Lake,ifx,32,fmath,Dispersion,2394.37
Ice Lake,ifx,32,fmath,Dispersion,2397.12
Ice Lake,ifx,64,fmath,Dispersion,2678.59
Ice Lake,ifx,64,fmath,Dispersion,2664.4900000000002
Ice Lake,ifx,64,fmath,Dispersion,2638.41
Ice Lake,ifx,24,fmath,Dispersion,4219.61
Ice Lake,ifx,24,fmath,Dispersion,4248.67
Ice Lake,ifx,24,fmath,Dispersion,4251.33
Sapphire Rapids,ifx,16,fmath,Dispersion,4299.24
Sapphire Rapids,ifx,16,fmath,Dispersion,4297.49
Sapphire Rapids,ifx,32,fmath,Dispersion,2108.61
Sapphire Rapids,ifx,32,fmath,Dispersion,2065.44
Sapphire Rapids,ifx,32,fmath,Dispersion,2093.67
Sapphire Rapids,ifx,64,fmath,Dispersion,1664.0900000000001
Sapphire Rapids,ifx,64,fmath,Dispersion,1641.66
Sapphire Rapids,ifx,64,fmath,Dispersion,1662.8200000000002
Sapphire Rapids,ifx,24,fmath,Dispersion,3246.24
Sapphire Rapids,ifx,24,fmath,Dispersion,3224.87
Sapphire Rapids,ifx,24,fmath,Dispersion,3228.35
Emerald Rapids,ifx,16,fmath,Dispersion,3583.77
Emerald Rapids,ifx,16,fmath,Dispersion,3557.85
Emerald Rapids,ifx,16,fmath,Dispersion,3547.11
Emerald Rapids,ifx,32,fmath,Dispersion,1625.15
Emerald Rapids,ifx,32,fmath,Dispersion,1612.6299999999999
Emerald Rapids,ifx,32,fmath,Dispersion,1634.5
Emerald Rapids,ifx,64,fmath,Dispersion,1216.27
Emerald Rapids,ifx,64,fmath,Dispersion,1230.62
Emerald Rapids,ifx,64,fmath,Dispersion,1236.79
Emerald Rapids,ifx,24,fmath,Dispersion,2471.3
Emerald Rapids,ifx,24,fmath,Dispersion,2485.26
Emerald Rapids,ifx,24,fmath,Dispersion,2489.8
Ice Lake,ifx,48,fmath,Dispersion,2642.94
Ice Lake,ifx,48,fmath,Dispersion,2636.5
Ice Lake,ifx,48,fmath,Dispersion,2638.2400000000002
Emerald Rapids,ifx,48,fmath,Dispersion,1351.86
Emerald Rapids,ifx,48,fmath,Dispersion,1372.57
Emerald Rapids,ifx,48,fmath,Dispersion,1371.25
Sapphire Rapids,ifx,48,host,Dispersion,1820.75
Sapphire Rapids,ifx,48,host,Dispersion,1844.7
Sapphire Rapids,ifx,48,host,Dispersion,1817.44
Ice Lake,ifx,16,host,Dispersion,5640.4400000000005
Ice Lake,ifx,16,host,Dispersion,5573.49
Ice Lake,ifx,16,host,Dispersion,5664.23
Ice Lake,ifx,32,host,Dispersion,2482.79
Ice Lake,ifx,32,host,Dispersion,2406.1800000000003
Ice Lake,ifx,32,host,Dispersion,2429.5299999999997
Ice Lake,ifx,64,host,Dispersion,2681.85
Ice Lake,ifx,64,host,Dispersion,2661.49
Ice Lake,ifx,64,host,Dispersion,2682.69
Ice Lake,ifx,24,host,Dispersion,4287.1
Ice Lake,ifx,24,host,Dispersion,4232.16
Ice Lake,ifx,24,host,Dispersion,4221.19
Sapphire Rapids,ifx,16,host,Dispersion,4255.9400000000005
Sapphire Rapids,ifx,16,host,Dispersion,4192.85
Sapphire Rapids,ifx,16,host,Dispersion,4352.17
Sapphire Rapids,ifx,32,host,Dispersion,2107.9
Sapphire Rapids,ifx,32,host,Dispersion,2105.05
Sapphire Rapids,ifx,32,host,Dispersion,2136.76
Sapphire Rapids,ifx,64,host,Dispersion,1675.71
Sapphire Rapids,ifx,64,host,Dispersion,1709.15
Sapphire Rapids,ifx,64,host,Dispersion,1682.25
Sapphire Rapids,ifx,24,host,Dispersion,3295.4700000000003
Sapphire Rapids,ifx,24,host,Dispersion,3244.71
Sapphire Rapids,ifx,24,host,Dispersion,3206.66
Emerald Rapids,ifx,16,host,Dispersion,3588.18
Emerald Rapids,ifx,16,host,Dispersion,3477.58
Emerald Rapids,ifx,32,host,Dispersion,1658.14
Emerald Rapids,ifx,32,host,Dispersion,1671.81
Emerald Rapids,ifx,32,host,Dispersion,1655.22
Emerald Rapids,ifx,64,host,Dispersion,1255.08
Emerald Rapids,ifx,64,host,Dispersion,1258.24
Emerald Rapids,ifx,64,host,Dispersion,1241.24
Emerald Rapids,ifx,24,host,Dispersion,2518.48
Emerald Rapids,ifx,24,host,Dispersion,2487.83
Emerald Rapids,ifx,24,host,Dispersion,2527.14
Ice Lake,ifx,48,host,Dispersion,2691.25
Ice Lake,ifx,48,host,Dispersion,2680.71
Ice Lake,ifx,48,host,Dispersion,2695.65
Emerald Rapids,ifx,48,host,Dispersion,1375.84
Emerald Rapids,ifx,48,host,Dispersion,1374.37
Emerald Rapids,ifx,48,host,Dispersion,1376.3899999999999
Granite Rapids,gfortran,16,base,Dispersion,4189.89
Granite Rapids,gfortran,16,base,Dispersion,4166.2
Granite Rapids,gfortran,16,base,Dispersion,4088.36
Granite Rapids,gfortran,32,base,Dispersion,2813.31
Granite Rapids,gfortran,32,base,Dispersion,2856.2400000000002
Granite Rapids,gfortran,32,base,Dispersion,2869.38
Granite Rapids,gfortran,64,base,Dispersion,2450.89
Granite Rapids,gfortran,64,base,Dispersion,2466.11
Granite Rapids,gfortran,64,base,Dispersion,1977.36
Granite Rapids,gfortran,24,base,Dispersion,3263.12
Granite Rapids,gfortran,24,base,Dispersion,3249.32
Granite Rapids,gfortran,24,base,Dispersion,3441.49
Granite Rapids,gfortran,16,host,Dispersion,4165.72
Granite Rapids,gfortran,16,host,Dispersion,4068.6
Granite Rapids,gfortran,16,host,Dispersion,4133.45
Granite Rapids,gfortran,32,host,Dispersion,2842.81
Granite Rapids,gfortran,32,host,Dispersion,2819.2799999999997
Granite Rapids,gfortran,32,host,Dispersion,2818.9900000000002
Granite Rapids,gfortran,64,host,Dispersion,2392.75
Granite Rapids,gfortran,64,host,Dispersion,2346.86
Granite Rapids,gfortran,64,host,Dispersion,2369.33
Granite Rapids,gfortran,24,host,Dispersion,3513.06
Granite Rapids,gfortran,24,host,Dispersion,3480.31
Granite Rapids,gfortran,24,host,Dispersion,3449.02
Granite Rapids,ifx,16,base,Dispersion,3612.63
Granite Rapids,ifx,16,base,Dispersion,3576.04
Granite Rapids,ifx,16,base,Dispersion,4020.16
Granite Rapids,ifx,32,base,Dispersion,1708.45
Granite Rapids,ifx,32,base,Dispersion,1665.6000000000001
Granite Rapids,ifx,32,base,Dispersion,1622.58
Granite Rapids,ifx,64,base,Dispersion,1054.03
Granite Rapids,ifx,64,base,Dispersion,1073.85
Granite Rapids,ifx,64,base,Dispersion,1060.96
Granite Rapids,ifx,24,base,Dispersion,2535.04
Granite Rapids,ifx,24,base,Dispersion,2574.14
Granite Rapids,ifx,24,base,Dispersion,2590.34
Granite Rapids,ifx,16,host,Dispersion,3594.88
Granite Rapids,ifx,16,host,Dispersion,3607.66
Granite Rapids,ifx,16,host,Dispersion,3584.08
Granite Rapids,ifx,32,host,Dispersion,1632.6799999999998
Granite Rapids,ifx,32,host,Dispersion,1641.21
Granite Rapids,ifx,32,host,Dispersion,1678.96
Granite Rapids,ifx,64,host,Dispersion,1090.32
Granite Rapids,ifx,64,host,Dispersion,1099.98
Granite Rapids,ifx,64,host,Dispersion,1101.46
Granite Rapids,ifx,24,host,Dispersion,2606.45
Granite Rapids,ifx,24,host,Dispersion,2638.6099999999997
Granite Rapids,ifx,24,host,Dispersion,2600.42
Granite Rapids,ifx,16,fmath,Dispersion,3583.7
Granite Rapids,ifx,16,fmath,Dispersion,3543.79
Granite Rapids,ifx,16,fmath,Dispersion,3561.84
Granite Rapids,ifx,32,fmath,Dispersion,1605.87
Granite Rapids,ifx,32,fmath,Dispersion,1608.5700000000002
Granite Rapids,ifx,32,fmath,Dispersion,1627.75
Granite Rapids,ifx,64,fmath,Dispersion,1085.3600000000001
Granite Rapids,ifx,64,fmath,Dispersion,1065.15
Granite Rapids,ifx,64,fmath,Dispersion,1073.8899999999999
Granite Rapids,ifx,24,fmath,Dispersion,2601.89
Granite Rapids,ifx,24,fmath,Dispersion,2537.23
Granite Rapids,ifx,24,fmath,Dispersion,2540.22
Granite Rapids,gfortran,16,fmath,Dispersion,4151.43
Granite Rapids,gfortran,16,fmath,Dispersion,4053.09
Granite Rapids,gfortran,16,fmath,Dispersion,4075.8900000000003
Granite Rapids,gfortran,32,fmath,Dispersion,2817.3599999999997
Granite Rapids,gfortran,32,fmath,Dispersion,2822.91
Granite Rapids,gfortran,32,fmath,Dispersion,2802.59
Granite Rapids,gfortran,64,fmath,Dispersion,2372.4300000000003
Granite Rapids,gfortran,64,fmath,Dispersion,2443.35
Granite Rapids,gfortran,64,fmath,Dispersion,2387.41
Granite Rapids,gfortran,24,fmath,Dispersion,3422.84
Granite Rapids,gfortran,24,fmath,Dispersion,3405.54
Granite Rapids,gfortran,24,fmath,Dispersion,3451.49
Granite Rapids,gfortran,48,base,Dispersion,2673.58
Granite Rapids,gfortran,48,base,Dispersion,2601.83
Granite Rapids,gfortran,48,base,Dispersion,2634.71
Granite Rapids,gfortran,48,host,Dispersion,2659.46
Granite Rapids,gfortran,48,host,Dispersion,2647.5499999999997
Granite Rapids,gfortran,48,host,Dispersion,2615.48
Granite Rapids,gfortran,48,fmath,Dispersion,2640.41
Granite Rapids,gfortran,48,fmath,Dispersion,2660.14
Granite Rapids,gfortran,48,fmath,Dispersion,2677.83
Granite Rapids,ifx,48,base,Dispersion,1326.18
Granite Rapids,ifx,48,base,Dispersion,1357.88
Granite Rapids,ifx,48,base,Dispersion,1335.92
Granite Rapids,ifx,48,host,Dispersion,1342.86
Granite Rapids,ifx,48,host,Dispersion,1363.91
Granite Rapids,ifx,48,host,Dispersion,1344.8899999999999
Granite Rapids,ifx,48,fmath,Dispersion,1320.72
Granite Rapids,ifx,48,fmath,Dispersion,1336.69
Granite Rapids,ifx,48,fmath,Dispersion,1304.59
