arch,compiler,commit_hash,method,test,omp_threads,wallclock_seconds
Ice Lake,gfortran,1b52195431,Method 4,15M_dynamo,8,1389.9
Ice Lake,gfortran,1b52195431,Method 4,15M_dynamo,16,859.5
Ice Lake,gfortran,1b52195431,Method 4,15M_dynamo,32,600.6
Ice Lake,gfortran,1b52195431,Method 4,15M_dynamo,64,538.9
Ice Lake,gfortran,1b52195431,Method 4,20M_pre_ms_to_core_collapse,8,1445.6
Ice Lake,gfortran,1b52195431,Method 4,20M_pre_ms_to_core_collapse,16,750.3
Ice Lake,gfortran,1b52195431,Method 4,20M_pre_ms_to_core_collapse,32,407.7
Ice Lake,gfortran,1b52195431,Method 4,20M_pre_ms_to_core_collapse,64,254.5
Ice Lake,gfortran,1b52195431,Method 4,5M_cepheid_blue_loop,8,441.9
Ice Lake,gfortran,1b52195431,Method 4,5M_cepheid_blue_loop,16,345.5
Ice Lake,gfortran,1b52195431,Method 4,5M_cepheid_blue_loop,32,298.5
Ice Lake,gfortran,1b52195431,Method 4,5M_cepheid_blue_loop,64,289
Ice Lake,gfortran,1b52195431,Method 4,wd_stable_h_burn,8,715.5
Ice Lake,gfortran,1b52195431,Method 4,wd_stable_h_burn,16,395.7
Ice Lake,gfortran,1b52195431,Method 4,wd_stable_h_burn,32,243
Ice Lake,gfortran,1b52195431,Method 4,wd_stable_h_burn,64,184.4
Ice Lake,gfortran,2bc2f83440,Method 1,15M_dynamo,8,1442
Ice Lake,gfortran,2bc2f83440,Method 1,15M_dynamo,16,886.4
Ice Lake,gfortran,2bc2f83440,Method 1,15M_dynamo,32,612.7
Ice Lake,gfortran,2bc2f83440,Method 1,15M_dynamo,64,500.9
Ice Lake,gfortran,2bc2f83440,Method 1,20M_pre_ms_to_core_collapse,8,1310.4
Ice Lake,gfortran,2bc2f83440,Method 1,20M_pre_ms_to_core_collapse,16,676.7
Ice Lake,gfortran,2bc2f83440,Method 1,20M_pre_ms_to_core_collapse,32,365.8
Ice Lake,gfortran,2bc2f83440,Method 1,20M_pre_ms_to_core_collapse,64,215.3
Ice Lake,gfortran,2bc2f83440,Method 1,5M_cepheid_blue_loop,8,688.8
Ice Lake,gfortran,2bc2f83440,Method 1,5M_cepheid_blue_loop,16,582.3
Ice Lake,gfortran,2bc2f83440,Method 1,5M_cepheid_blue_loop,32,529.8
Ice Lake,gfortran,2bc2f83440,Method 1,5M_cepheid_blue_loop,64,507.5
Ice Lake,gfortran,2bc2f83440,Method 1,wd_stable_h_burn,8,730
Ice Lake,gfortran,2bc2f83440,Method 1,wd_stable_h_burn,16,402.4
Ice Lake,gfortran,2bc2f83440,Method 1,wd_stable_h_burn,32,243.2
Ice Lake,gfortran,2bc2f83440,Method 1,wd_stable_h_burn,64,168.9
Ice Lake,gfortran,443cecf1c2,Method 2,15M_dynamo,8,1405.9
Ice Lake,gfortran,443cecf1c2,Method 2,15M_dynamo,16,874.5
Ice Lake,gfortran,443cecf1c2,Method 2,15M_dynamo,32,613.4
Ice Lake,gfortran,443cecf1c2,Method 2,15M_dynamo,64,545.6
Ice Lake,gfortran,443cecf1c2,Method 2,20M_pre_ms_to_core_collapse,8,1261.4
Ice Lake,gfortran,443cecf1c2,Method 2,20M_pre_ms_to_core_collapse,16,653.9
Ice Lake,gfortran,443cecf1c2,Method 2,20M_pre_ms_to_core_collapse,32,353.3
Ice Lake,gfortran,443cecf1c2,Method 2,20M_pre_ms_to_core_collapse,64,208.5
Ice Lake,gfortran,443cecf1c2,Method 2,5M_cepheid_blue_loop,8,452.2
Ice Lake,gfortran,443cecf1c2,Method 2,5M_cepheid_blue_loop,16,348.3
Ice Lake,gfortran,443cecf1c2,Method 2,5M_cepheid_blue_loop,32,296
Ice Lake,gfortran,443cecf1c2,Method 2,5M_cepheid_blue_loop,64,282.5
Ice Lake,gfortran,443cecf1c2,Method 2,wd_stable_h_burn,8,728.6
Ice Lake,gfortran,443cecf1c2,Method 2,wd_stable_h_burn,16,404.7
Ice Lake,gfortran,443cecf1c2,Method 2,wd_stable_h_burn,32,243.6
Ice Lake,gfortran,443cecf1c2,Method 2,wd_stable_h_burn,64,185.8
Ice Lake,gfortran,93c43202ce,Method 3,15M_dynamo,8,1339.5
Ice Lake,gfortran,93c43202ce,Method 3,15M_dynamo,16,838.3
Ice Lake,gfortran,93c43202ce,Method 3,15M_dynamo,32,590.3
Ice Lake,gfortran,93c43202ce,Method 3,15M_dynamo,64,528.5
Ice Lake,gfortran,93c43202ce,Method 3,20M_pre_ms_to_core_collapse,8,1403.5
Ice Lake,gfortran,93c43202ce,Method 3,20M_pre_ms_to_core_collapse,16,733.4
Ice Lake,gfortran,93c43202ce,Method 3,20M_pre_ms_to_core_collapse,32,397.9
Ice Lake,gfortran,93c43202ce,Method 3,20M_pre_ms_to_core_collapse,64,279.7
Ice Lake,gfortran,93c43202ce,Method 3,5M_cepheid_blue_loop,8,441.8
Ice Lake,gfortran,93c43202ce,Method 3,5M_cepheid_blue_loop,16,343.1
Ice Lake,gfortran,93c43202ce,Method 3,5M_cepheid_blue_loop,32,294.2
Ice Lake,gfortran,93c43202ce,Method 3,5M_cepheid_blue_loop,64,280.2
Ice Lake,gfortran,93c43202ce,Method 3,wd_stable_h_burn,8,699.3
Ice Lake,gfortran,93c43202ce,Method 3,wd_stable_h_burn,16,386.8
Ice Lake,gfortran,93c43202ce,Method 3,wd_stable_h_burn,32,234.9
Ice Lake,gfortran,93c43202ce,Method 3,wd_stable_h_burn,64,176
Ice Lake,gfortran,e6f5155e12,Method 5,15M_dynamo,8,1428.3
Ice Lake,gfortran,e6f5155e12,Method 5,15M_dynamo,16,885.1
Ice Lake,gfortran,e6f5155e12,Method 5,15M_dynamo,32,623.7
Ice Lake,gfortran,e6f5155e12,Method 5,15M_dynamo,64,600.1
Ice Lake,gfortran,e6f5155e12,Method 5,20M_pre_ms_to_core_collapse,8,1263.3
Ice Lake,gfortran,e6f5155e12,Method 5,20M_pre_ms_to_core_collapse,16,662.5
Ice Lake,gfortran,e6f5155e12,Method 5,20M_pre_ms_to_core_collapse,32,362.8
Ice Lake,gfortran,e6f5155e12,Method 5,20M_pre_ms_to_core_collapse,64,229
Ice Lake,gfortran,e6f5155e12,Method 5,5M_cepheid_blue_loop,8,499.4
Ice Lake,gfortran,e6f5155e12,Method 5,5M_cepheid_blue_loop,16,397.1
Ice Lake,gfortran,e6f5155e12,Method 5,5M_cepheid_blue_loop,32,354.4
Ice Lake,gfortran,e6f5155e12,Method 5,5M_cepheid_blue_loop,64,350.8
Ice Lake,gfortran,e6f5155e12,Method 5,wd_stable_h_burn,8,720.6
Ice Lake,gfortran,e6f5155e12,Method 5,wd_stable_h_burn,16,399.6
Ice Lake,gfortran,e6f5155e12,Method 5,wd_stable_h_burn,32,243.3
Ice Lake,gfortran,e6f5155e12,Method 5,wd_stable_h_burn,64,188.5
Ice Lake,ifx,1b52195431,Method 4,15M_dynamo,8,1281.6
Ice Lake,ifx,1b52195431,Method 4,15M_dynamo,16,817.2
Ice Lake,ifx,1b52195431,Method 4,15M_dynamo,32,596.1
Ice Lake,ifx,1b52195431,Method 4,15M_dynamo,64,496.9
Ice Lake,ifx,1b52195431,Method 4,20M_pre_ms_to_core_collapse,8,1004.5
Ice Lake,ifx,1b52195431,Method 4,20M_pre_ms_to_core_collapse,16,536.2
Ice Lake,ifx,1b52195431,Method 4,20M_pre_ms_to_core_collapse,32,303.3
Ice Lake,ifx,1b52195431,Method 4,20M_pre_ms_to_core_collapse,64,194.2
Ice Lake,ifx,1b52195431,Method 4,5M_cepheid_blue_loop,8,340.9
Ice Lake,ifx,1b52195431,Method 4,5M_cepheid_blue_loop,16,242.3
Ice Lake,ifx,1b52195431,Method 4,5M_cepheid_blue_loop,32,194.1
Ice Lake,ifx,1b52195431,Method 4,5M_cepheid_blue_loop,64,172.9
Ice Lake,ifx,1b52195431,Method 4,wd_stable_h_burn,8,645.4
Ice Lake,ifx,1b52195431,Method 4,wd_stable_h_burn,16,377.9
Ice Lake,ifx,1b52195431,Method 4,wd_stable_h_burn,32,247.1
Ice Lake,ifx,1b52195431,Method 4,wd_stable_h_burn,64,188.6
Ice Lake,ifx,2bc2f83440,Method 1,15M_dynamo,8,1612.6
Ice Lake,ifx,2bc2f83440,Method 1,15M_dynamo,16,988
Ice Lake,ifx,2bc2f83440,Method 1,15M_dynamo,32,685.5
Ice Lake,ifx,2bc2f83440,Method 1,15M_dynamo,64,553
Ice Lake,ifx,2bc2f83440,Method 1,20M_pre_ms_to_core_collapse,8,1372
Ice Lake,ifx,2bc2f83440,Method 1,20M_pre_ms_to_core_collapse,16,732.6
Ice Lake,ifx,2bc2f83440,Method 1,20M_pre_ms_to_core_collapse,32,415.8
Ice Lake,ifx,2bc2f83440,Method 1,20M_pre_ms_to_core_collapse,64,268.6
Ice Lake,ifx,2bc2f83440,Method 1,5M_cepheid_blue_loop,8,452.9
Ice Lake,ifx,2bc2f83440,Method 1,5M_cepheid_blue_loop,16,315.3
Ice Lake,ifx,2bc2f83440,Method 1,5M_cepheid_blue_loop,32,248.7
Ice Lake,ifx,2bc2f83440,Method 1,5M_cepheid_blue_loop,64,217.8
Ice Lake,ifx,2bc2f83440,Method 1,wd_stable_h_burn,8,814.6
Ice Lake,ifx,2bc2f83440,Method 1,wd_stable_h_burn,16,471
Ice Lake,ifx,2bc2f83440,Method 1,wd_stable_h_burn,32,303.9
Ice Lake,ifx,2bc2f83440,Method 1,wd_stable_h_burn,64,229.3
Ice Lake,ifx,443cecf1c2,Method 2,15M_dynamo,8,1315.6
Ice Lake,ifx,443cecf1c2,Method 2,15M_dynamo,16,825.6
Ice Lake,ifx,443cecf1c2,Method 2,15M_dynamo,32,591.4
Ice Lake,ifx,443cecf1c2,Method 2,15M_dynamo,64,529.7
Ice Lake,ifx,443cecf1c2,Method 2,20M_pre_ms_to_core_collapse,8,1252.4
Ice Lake,ifx,443cecf1c2,Method 2,20M_pre_ms_to_core_collapse,16,667.2
Ice Lake,ifx,443cecf1c2,Method 2,20M_pre_ms_to_core_collapse,32,392.9
Ice Lake,ifx,443cecf1c2,Method 2,20M_pre_ms_to_core_collapse,64,242.9
Ice Lake,ifx,443cecf1c2,Method 2,5M_cepheid_blue_loop,8,352.5
Ice Lake,ifx,443cecf1c2,Method 2,5M_cepheid_blue_loop,16,250
Ice Lake,ifx,443cecf1c2,Method 2,5M_cepheid_blue_loop,32,201.1
Ice Lake,ifx,443cecf1c2,Method 2,5M_cepheid_blue_loop,64,186.6
Ice Lake,ifx,443cecf1c2,Method 2,wd_stable_h_burn,8,669.7
Ice Lake,ifx,443cecf1c2,Method 2,wd_stable_h_burn,16,390.2
Ice Lake,ifx,443cecf1c2,Method 2,wd_stable_h_burn,32,259.5
Ice Lake,ifx,443cecf1c2,Method 2,wd_stable_h_burn,64,221
Ice Lake,ifx,93c43202ce,Method 3,15M_dynamo,8,1311.6
Ice Lake,ifx,93c43202ce,Method 3,15M_dynamo,16,831
Ice Lake,ifx,93c43202ce,Method 3,15M_dynamo,32,601
Ice Lake,ifx,93c43202ce,Method 3,15M_dynamo,64,500.9
Ice Lake,ifx,93c43202ce,Method 3,20M_pre_ms_to_core_collapse,8,946.8
Ice Lake,ifx,93c43202ce,Method 3,20M_pre_ms_to_core_collapse,16,502.7
Ice Lake,ifx,93c43202ce,Method 3,20M_pre_ms_to_core_collapse,32,281.3
Ice Lake,ifx,93c43202ce,Method 3,20M_pre_ms_to_core_collapse,64,181.2
Ice Lake,ifx,93c43202ce,Method 3,5M_cepheid_blue_loop,8,341.6
Ice Lake,ifx,93c43202ce,Method 3,5M_cepheid_blue_loop,16,241.8
Ice Lake,ifx,93c43202ce,Method 3,5M_cepheid_blue_loop,32,192.8
Ice Lake,ifx,93c43202ce,Method 3,5M_cepheid_blue_loop,64,170.2
Ice Lake,ifx,93c43202ce,Method 3,wd_stable_h_burn,8,654.5
Ice Lake,ifx,93c43202ce,Method 3,wd_stable_h_burn,16,383.8
Ice Lake,ifx,93c43202ce,Method 3,wd_stable_h_burn,32,250.7
Ice Lake,ifx,93c43202ce,Method 3,wd_stable_h_burn,64,192
Ice Lake,ifx,e6f5155e12,Method 5,15M_dynamo,8,1222.6
Ice Lake,ifx,e6f5155e12,Method 5,15M_dynamo,16,792.4
Ice Lake,ifx,e6f5155e12,Method 5,15M_dynamo,32,583.1
Ice Lake,ifx,e6f5155e12,Method 5,15M_dynamo,64,496.8
Ice Lake,ifx,e6f5155e12,Method 5,20M_pre_ms_to_core_collapse,8,951.1
Ice Lake,ifx,e6f5155e12,Method 5,20M_pre_ms_to_core_collapse,16,505.1
Ice Lake,ifx,e6f5155e12,Method 5,20M_pre_ms_to_core_collapse,32,281.9
Ice Lake,ifx,e6f5155e12,Method 5,20M_pre_ms_to_core_collapse,64,182
Ice Lake,ifx,e6f5155e12,Method 5,5M_cepheid_blue_loop,8,358.2
Ice Lake,ifx,e6f5155e12,Method 5,5M_cepheid_blue_loop,16,261.1
Ice Lake,ifx,e6f5155e12,Method 5,5M_cepheid_blue_loop,32,214.5
Ice Lake,ifx,e6f5155e12,Method 5,5M_cepheid_blue_loop,64,193.5
Ice Lake,ifx,e6f5155e12,Method 5,wd_stable_h_burn,8,651.5
Ice Lake,ifx,e6f5155e12,Method 5,wd_stable_h_burn,16,381.4
Ice Lake,ifx,e6f5155e12,Method 5,wd_stable_h_burn,32,249.7
Ice Lake,ifx,e6f5155e12,Method 5,wd_stable_h_burn,64,192.4
Sapphire Rapids,gfortran,1b52195431,Method 4,15M_dynamo,8,1304.3
Sapphire Rapids,gfortran,1b52195431,Method 4,15M_dynamo,16,804.9
Sapphire Rapids,gfortran,1b52195431,Method 4,15M_dynamo,32,577
Sapphire Rapids,gfortran,1b52195431,Method 4,15M_dynamo,64,472.2
Sapphire Rapids,gfortran,1b52195431,Method 4,20M_pre_ms_to_core_collapse,8,1181.1
Sapphire Rapids,gfortran,1b52195431,Method 4,20M_pre_ms_to_core_collapse,16,615
Sapphire Rapids,gfortran,1b52195431,Method 4,20M_pre_ms_to_core_collapse,32,336.8
Sapphire Rapids,gfortran,1b52195431,Method 4,20M_pre_ms_to_core_collapse,64,203.7
Sapphire Rapids,gfortran,1b52195431,Method 4,5M_cepheid_blue_loop,8,450.9
Sapphire Rapids,gfortran,1b52195431,Method 4,5M_cepheid_blue_loop,16,365
Sapphire Rapids,gfortran,1b52195431,Method 4,5M_cepheid_blue_loop,32,310.9
Sapphire Rapids,gfortran,1b52195431,Method 4,5M_cepheid_blue_loop,64,290.5
Sapphire Rapids,gfortran,1b52195431,Method 4,wd_stable_h_burn,8,665.6
Sapphire Rapids,gfortran,1b52195431,Method 4,wd_stable_h_burn,16,366.5
Sapphire Rapids,gfortran,1b52195431,Method 4,wd_stable_h_burn,32,220.9
Sapphire Rapids,gfortran,1b52195431,Method 4,wd_stable_h_burn,64,151.8
Sapphire Rapids,gfortran,2bc2f83440,Method 1,15M_dynamo,8,1424
Sapphire Rapids,gfortran,2bc2f83440,Method 1,15M_dynamo,16,874.1
Sapphire Rapids,gfortran,2bc2f83440,Method 1,15M_dynamo,32,604.8
Sapphire Rapids,gfortran,2bc2f83440,Method 1,15M_dynamo,64,488.8
Sapphire Rapids,gfortran,2bc2f83440,Method 1,20M_pre_ms_to_core_collapse,8,1255.7
Sapphire Rapids,gfortran,2bc2f83440,Method 1,20M_pre_ms_to_core_collapse,16,647.8
Sapphire Rapids,gfortran,2bc2f83440,Method 1,20M_pre_ms_to_core_collapse,32,349.1
Sapphire Rapids,gfortran,2bc2f83440,Method 1,20M_pre_ms_to_core_collapse,64,207.8
Sapphire Rapids,gfortran,2bc2f83440,Method 1,5M_cepheid_blue_loop,8,690.6
Sapphire Rapids,gfortran,2bc2f83440,Method 1,5M_cepheid_blue_loop,16,589.2
Sapphire Rapids,gfortran,2bc2f83440,Method 1,5M_cepheid_blue_loop,32,538.5
Sapphire Rapids,gfortran,2bc2f83440,Method 1,5M_cepheid_blue_loop,64,515.4
Sapphire Rapids,gfortran,2bc2f83440,Method 1,wd_stable_h_burn,8,692
Sapphire Rapids,gfortran,2bc2f83440,Method 1,wd_stable_h_burn,16,381.6
Sapphire Rapids,gfortran,2bc2f83440,Method 1,wd_stable_h_burn,32,229
Sapphire Rapids,gfortran,2bc2f83440,Method 1,wd_stable_h_burn,64,157.6
Sapphire Rapids,gfortran,443cecf1c2,Method 2,15M_dynamo,8,1343.1
Sapphire Rapids,gfortran,443cecf1c2,Method 2,15M_dynamo,16,842.4
Sapphire Rapids,gfortran,443cecf1c2,Method 2,15M_dynamo,32,587
Sapphire Rapids,gfortran,443cecf1c2,Method 2,15M_dynamo,64,488.9
Sapphire Rapids,gfortran,443cecf1c2,Method 2,20M_pre_ms_to_core_collapse,8,1376.8
Sapphire Rapids,gfortran,443cecf1c2,Method 2,20M_pre_ms_to_core_collapse,16,700.1
Sapphire Rapids,gfortran,443cecf1c2,Method 2,20M_pre_ms_to_core_collapse,32,385.9
Sapphire Rapids,gfortran,443cecf1c2,Method 2,20M_pre_ms_to_core_collapse,64,270.5
Sapphire Rapids,gfortran,443cecf1c2,Method 2,5M_cepheid_blue_loop,8,448.3
Sapphire Rapids,gfortran,443cecf1c2,Method 2,5M_cepheid_blue_loop,16,358.4
Sapphire Rapids,gfortran,443cecf1c2,Method 2,5M_cepheid_blue_loop,32,309.8
Sapphire Rapids,gfortran,443cecf1c2,Method 2,5M_cepheid_blue_loop,64,291.1
Sapphire Rapids,gfortran,443cecf1c2,Method 2,wd_stable_h_burn,8,663.7
Sapphire Rapids,gfortran,443cecf1c2,Method 2,wd_stable_h_burn,16,374.9
Sapphire Rapids,gfortran,443cecf1c2,Method 2,wd_stable_h_burn,32,225.6
Sapphire Rapids,gfortran,443cecf1c2,Method 2,wd_stable_h_burn,64,156.4
Sapphire Rapids,gfortran,93c43202ce,Method 3,15M_dynamo,8,1334.2
Sapphire Rapids,gfortran,93c43202ce,Method 3,15M_dynamo,16,832
Sapphire Rapids,gfortran,93c43202ce,Method 3,15M_dynamo,32,578.5
Sapphire Rapids,gfortran,93c43202ce,Method 3,15M_dynamo,64,473.2
Sapphire Rapids,gfortran,93c43202ce,Method 3,20M_pre_ms_to_core_collapse,8,1151.8
Sapphire Rapids,gfortran,93c43202ce,Method 3,20M_pre_ms_to_core_collapse,16,598.7
Sapphire Rapids,gfortran,93c43202ce,Method 3,20M_pre_ms_to_core_collapse,32,328.8
Sapphire Rapids,gfortran,93c43202ce,Method 3,20M_pre_ms_to_core_collapse,64,198.8
Sapphire Rapids,gfortran,93c43202ce,Method 3,5M_cepheid_blue_loop,8,460.1
Sapphire Rapids,gfortran,93c43202ce,Method 3,5M_cepheid_blue_loop,16,369.1
Sapphire Rapids,gfortran,93c43202ce,Method 3,5M_cepheid_blue_loop,32,322.2
Sapphire Rapids,gfortran,93c43202ce,Method 3,5M_cepheid_blue_loop,64,298.4
Sapphire Rapids,gfortran,93c43202ce,Method 3,wd_stable_h_burn,8,660.1
Sapphire Rapids,gfortran,93c43202ce,Method 3,wd_stable_h_burn,16,367.2
Sapphire Rapids,gfortran,93c43202ce,Method 3,wd_stable_h_burn,32,221.6
Sapphire Rapids,gfortran,93c43202ce,Method 3,wd_stable_h_burn,64,153.9
Sapphire Rapids,gfortran,e6f5155e12,Method 5,15M_dynamo,8,1363
Sapphire Rapids,gfortran,e6f5155e12,Method 5,15M_dynamo,16,836.6
Sapphire Rapids,gfortran,e6f5155e12,Method 5,15M_dynamo,32,582.7
Sapphire Rapids,gfortran,e6f5155e12,Method 5,15M_dynamo,64,476.2
Sapphire Rapids,gfortran,e6f5155e12,Method 5,20M_pre_ms_to_core_collapse,8,1279.7
Sapphire Rapids,gfortran,e6f5155e12,Method 5,20M_pre_ms_to_core_collapse,16,662.6
Sapphire Rapids,gfortran,e6f5155e12,Method 5,20M_pre_ms_to_core_collapse,32,360.5
Sapphire Rapids,gfortran,e6f5155e12,Method 5,20M_pre_ms_to_core_collapse,64,216.4
Sapphire Rapids,gfortran,e6f5155e12,Method 5,5M_cepheid_blue_loop,8,449.8
Sapphire Rapids,gfortran,e6f5155e12,Method 5,5M_cepheid_blue_loop,16,354.6
Sapphire Rapids,gfortran,e6f5155e12,Method 5,5M_cepheid_blue_loop,32,305.7
Sapphire Rapids,gfortran,e6f5155e12,Method 5,5M_cepheid_blue_loop,64,285.3
Sapphire Rapids,gfortran,e6f5155e12,Method 5,wd_stable_h_burn,8,674.7
Sapphire Rapids,gfortran,e6f5155e12,Method 5,wd_stable_h_burn,16,374
Sapphire Rapids,gfortran,e6f5155e12,Method 5,wd_stable_h_burn,32,224.2
Sapphire Rapids,gfortran,e6f5155e12,Method 5,wd_stable_h_burn,64,154.8
Sapphire Rapids,ifx,1b52195431,Method 4,15M_dynamo,8,1067.3
Sapphire Rapids,ifx,1b52195431,Method 4,15M_dynamo,16,706.4
Sapphire Rapids,ifx,1b52195431,Method 4,15M_dynamo,32,534.5
Sapphire Rapids,ifx,1b52195431,Method 4,15M_dynamo,64,462.3
Sapphire Rapids,ifx,1b52195431,Method 4,20M_pre_ms_to_core_collapse,8,865.7
Sapphire Rapids,ifx,1b52195431,Method 4,20M_pre_ms_to_core_collapse,16,463.7
Sapphire Rapids,ifx,1b52195431,Method 4,20M_pre_ms_to_core_collapse,32,264.4
Sapphire Rapids,ifx,1b52195431,Method 4,20M_pre_ms_to_core_collapse,64,171.9
Sapphire Rapids,ifx,1b52195431,Method 4,5M_cepheid_blue_loop,8,301.7
Sapphire Rapids,ifx,1b52195431,Method 4,5M_cepheid_blue_loop,16,214.6
Sapphire Rapids,ifx,1b52195431,Method 4,5M_cepheid_blue_loop,32,171.9
Sapphire Rapids,ifx,1b52195431,Method 4,5M_cepheid_blue_loop,64,152.7
Sapphire Rapids,ifx,1b52195431,Method 4,wd_stable_h_burn,8,584.9
Sapphire Rapids,ifx,1b52195431,Method 4,wd_stable_h_burn,16,342
Sapphire Rapids,ifx,1b52195431,Method 4,wd_stable_h_burn,32,226.5
Sapphire Rapids,ifx,1b52195431,Method 4,wd_stable_h_burn,64,173.4
Sapphire Rapids,ifx,2bc2f83440,Method 1,15M_dynamo,8,1596.6
Sapphire Rapids,ifx,2bc2f83440,Method 1,15M_dynamo,16,980.4
Sapphire Rapids,ifx,2bc2f83440,Method 1,15M_dynamo,32,676.4
Sapphire Rapids,ifx,2bc2f83440,Method 1,15M_dynamo,64,558.2
Sapphire Rapids,ifx,2bc2f83440,Method 1,20M_pre_ms_to_core_collapse,8,1228.6
Sapphire Rapids,ifx,2bc2f83440,Method 1,20M_pre_ms_to_core_collapse,16,664.3
Sapphire Rapids,ifx,2bc2f83440,Method 1,20M_pre_ms_to_core_collapse,32,378.4
Sapphire Rapids,ifx,2bc2f83440,Method 1,20M_pre_ms_to_core_collapse,64,256
Sapphire Rapids,ifx,2bc2f83440,Method 1,5M_cepheid_blue_loop,8,410.8
Sapphire Rapids,ifx,2bc2f83440,Method 1,5M_cepheid_blue_loop,16,280.5
Sapphire Rapids,ifx,2bc2f83440,Method 1,5M_cepheid_blue_loop,32,217
Sapphire Rapids,ifx,2bc2f83440,Method 1,5M_cepheid_blue_loop,64,188.4
Sapphire Rapids,ifx,2bc2f83440,Method 1,wd_stable_h_burn,8,769.3
Sapphire Rapids,ifx,2bc2f83440,Method 1,wd_stable_h_burn,16,443.2
Sapphire Rapids,ifx,2bc2f83440,Method 1,wd_stable_h_burn,32,285.3
Sapphire Rapids,ifx,2bc2f83440,Method 1,wd_stable_h_burn,64,220.8
Sapphire Rapids,ifx,443cecf1c2,Method 2,15M_dynamo,8,1141.1
Sapphire Rapids,ifx,443cecf1c2,Method 2,15M_dynamo,16,742.6
Sapphire Rapids,ifx,443cecf1c2,Method 2,15M_dynamo,32,556
Sapphire Rapids,ifx,443cecf1c2,Method 2,15M_dynamo,64,486.9
Sapphire Rapids,ifx,443cecf1c2,Method 2,20M_pre_ms_to_core_collapse,8,1127.7
Sapphire Rapids,ifx,443cecf1c2,Method 2,20M_pre_ms_to_core_collapse,16,602
Sapphire Rapids,ifx,443cecf1c2,Method 2,20M_pre_ms_to_core_collapse,32,341.4
Sapphire Rapids,ifx,443cecf1c2,Method 2,20M_pre_ms_to_core_collapse,64,218.1
Sapphire Rapids,ifx,443cecf1c2,Method 2,5M_cepheid_blue_loop,8,330.4
Sapphire Rapids,ifx,443cecf1c2,Method 2,5M_cepheid_blue_loop,16,233.5
Sapphire Rapids,ifx,443cecf1c2,Method 2,5M_cepheid_blue_loop,32,186.2
Sapphire Rapids,ifx,443cecf1c2,Method 2,5M_cepheid_blue_loop,64,164.8
Sapphire Rapids,ifx,443cecf1c2,Method 2,wd_stable_h_burn,8,623.6
Sapphire Rapids,ifx,443cecf1c2,Method 2,wd_stable_h_burn,16,368.1
Sapphire Rapids,ifx,443cecf1c2,Method 2,wd_stable_h_burn,32,240.1
Sapphire Rapids,ifx,443cecf1c2,Method 2,wd_stable_h_burn,64,184.8
Sapphire Rapids,ifx,93c43202ce,Method 3,15M_dynamo,8,1121.4
Sapphire Rapids,ifx,93c43202ce,Method 3,15M_dynamo,16,725.4
Sapphire Rapids,ifx,93c43202ce,Method 3,15M_dynamo,32,541.2
Sapphire Rapids,ifx,93c43202ce,Method 3,15M_dynamo,64,469
Sapphire Rapids,ifx,93c43202ce,Method 3,20M_pre_ms_to_core_collapse,8,830.9
Sapphire Rapids,ifx,93c43202ce,Method 3,20M_pre_ms_to_core_collapse,16,436.4
Sapphire Rapids,ifx,93c43202ce,Method 3,20M_pre_ms_to_core_collapse,32,248.2
Sapphire Rapids,ifx,93c43202ce,Method 3,20M_pre_ms_to_core_collapse,64,163.1
Sapphire Rapids,ifx,93c43202ce,Method 3,5M_cepheid_blue_loop,8,317.7
Sapphire Rapids,ifx,93c43202ce,Method 3,5M_cepheid_blue_loop,16,221.8
Sapphire Rapids,ifx,93c43202ce,Method 3,5M_cepheid_blue_loop,32,175.5
Sapphire Rapids,ifx,93c43202ce,Method 3,5M_cepheid_blue_loop,64,154.5
Sapphire Rapids,ifx,93c43202ce,Method 3,wd_stable_h_burn,8,612.1
Sapphire Rapids,ifx,93c43202ce,Method 3,wd_stable_h_burn,16,355.5
Sapphire Rapids,ifx,93c43202ce,Method 3,wd_stable_h_burn,32,232.4
Sapphire Rapids,ifx,93c43202ce,Method 3,wd_stable_h_burn,64,177.2
Sapphire Rapids,ifx,e6f5155e12,Method 5,15M_dynamo,8,1143.7
Sapphire Rapids,ifx,e6f5155e12,Method 5,15M_dynamo,16,757.9
Sapphire Rapids,ifx,e6f5155e12,Method 5,15M_dynamo,32,587.9
Sapphire Rapids,ifx,e6f5155e12,Method 5,15M_dynamo,64,557.6
Sapphire Rapids,ifx,e6f5155e12,Method 5,20M_pre_ms_to_core_collapse,8,849.1
Sapphire Rapids,ifx,e6f5155e12,Method 5,20M_pre_ms_to_core_collapse,16,508.3
Sapphire Rapids,ifx,e6f5155e12,Method 5,20M_pre_ms_to_core_collapse,32,283.7
Sapphire Rapids,ifx,e6f5155e12,Method 5,20M_pre_ms_to_core_collapse,64,199.6
Sapphire Rapids,ifx,e6f5155e12,Method 5,5M_cepheid_blue_loop,8,320.4
Sapphire Rapids,ifx,e6f5155e12,Method 5,5M_cepheid_blue_loop,16,225.2
Sapphire Rapids,ifx,e6f5155e12,Method 5,5M_cepheid_blue_loop,32,182.3
Sapphire Rapids,ifx,e6f5155e12,Method 5,5M_cepheid_blue_loop,64,168
Sapphire Rapids,ifx,e6f5155e12,Method 5,wd_stable_h_burn,8,653.6
Sapphire Rapids,ifx,e6f5155e12,Method 5,wd_stable_h_burn,16,376.3
Sapphire Rapids,ifx,e6f5155e12,Method 5,wd_stable_h_burn,32,250.4
Sapphire Rapids,ifx,e6f5155e12,Method 5,wd_stable_h_burn,64,205.1
Emerald Rapids,gfortran,1b52195431,Method 4,15M_dynamo,8,1331.2
Emerald Rapids,gfortran,1b52195431,Method 4,15M_dynamo,16,821.8
Emerald Rapids,gfortran,1b52195431,Method 4,15M_dynamo,32,574.2
Emerald Rapids,gfortran,1b52195431,Method 4,15M_dynamo,64,540.7
Emerald Rapids,gfortran,1b52195431,Method 4,20M_pre_ms_to_core_collapse,8,1138.4
Emerald Rapids,gfortran,1b52195431,Method 4,20M_pre_ms_to_core_collapse,16,605.2
Emerald Rapids,gfortran,1b52195431,Method 4,20M_pre_ms_to_core_collapse,32,335.5
Emerald Rapids,gfortran,1b52195431,Method 4,20M_pre_ms_to_core_collapse,64,218.9
Emerald Rapids,gfortran,1b52195431,Method 4,5M_cepheid_blue_loop,8,440.3
Emerald Rapids,gfortran,1b52195431,Method 4,5M_cepheid_blue_loop,16,348.1
Emerald Rapids,gfortran,1b52195431,Method 4,5M_cepheid_blue_loop,32,303
Emerald Rapids,gfortran,1b52195431,Method 4,5M_cepheid_blue_loop,64,289.9
Emerald Rapids,gfortran,1b52195431,Method 4,wd_stable_h_burn,8,665.7
Emerald Rapids,gfortran,1b52195431,Method 4,wd_stable_h_burn,16,367.2
Emerald Rapids,gfortran,1b52195431,Method 4,wd_stable_h_burn,32,221
Emerald Rapids,gfortran,1b52195431,Method 4,wd_stable_h_burn,64,170.9
Emerald Rapids,gfortran,2bc2f83440,Method 1,15M_dynamo,8,1370.6
Emerald Rapids,gfortran,2bc2f83440,Method 1,15M_dynamo,16,832.9
Emerald Rapids,gfortran,2bc2f83440,Method 1,15M_dynamo,32,582.5
Emerald Rapids,gfortran,2bc2f83440,Method 1,15M_dynamo,64,491
Emerald Rapids,gfortran,2bc2f83440,Method 1,20M_pre_ms_to_core_collapse,8,1197.9
Emerald Rapids,gfortran,2bc2f83440,Method 1,20M_pre_ms_to_core_collapse,16,623.4
Emerald Rapids,gfortran,2bc2f83440,Method 1,20M_pre_ms_to_core_collapse,32,332.3
Emerald Rapids,gfortran,2bc2f83440,Method 1,20M_pre_ms_to_core_collapse,64,200.4
Emerald Rapids,gfortran,2bc2f83440,Method 1,5M_cepheid_blue_loop,8,666.6
Emerald Rapids,gfortran,2bc2f83440,Method 1,5M_cepheid_blue_loop,16,566.6
Emerald Rapids,gfortran,2bc2f83440,Method 1,5M_cepheid_blue_loop,32,516.5
Emerald Rapids,gfortran,2bc2f83440,Method 1,5M_cepheid_blue_loop,64,497.4
Emerald Rapids,gfortran,2bc2f83440,Method 1,wd_stable_h_burn,8,673.9
Emerald Rapids,gfortran,2bc2f83440,Method 1,wd_stable_h_burn,16,375.3
Emerald Rapids,gfortran,2bc2f83440,Method 1,wd_stable_h_burn,32,215.6
Emerald Rapids,gfortran,2bc2f83440,Method 1,wd_stable_h_burn,64,162.4
Emerald Rapids,gfortran,443cecf1c2,Method 2,15M_dynamo,8,1287
Emerald Rapids,gfortran,443cecf1c2,Method 2,15M_dynamo,16,804.3
Emerald Rapids,gfortran,443cecf1c2,Method 2,15M_dynamo,32,562.7
Emerald Rapids,gfortran,443cecf1c2,Method 2,15M_dynamo,64,465.6
Emerald Rapids,gfortran,443cecf1c2,Method 2,20M_pre_ms_to_core_collapse,8,1154.9
Emerald Rapids,gfortran,443cecf1c2,Method 2,20M_pre_ms_to_core_collapse,16,603.8
Emerald Rapids,gfortran,443cecf1c2,Method 2,20M_pre_ms_to_core_collapse,32,327.2
Emerald Rapids,gfortran,443cecf1c2,Method 2,20M_pre_ms_to_core_collapse,64,199.3
Emerald Rapids,gfortran,443cecf1c2,Method 2,5M_cepheid_blue_loop,8,432
Emerald Rapids,gfortran,443cecf1c2,Method 2,5M_cepheid_blue_loop,16,344.1
Emerald Rapids,gfortran,443cecf1c2,Method 2,5M_cepheid_blue_loop,32,310.6
Emerald Rapids,gfortran,443cecf1c2,Method 2,5M_cepheid_blue_loop,64,284.5
Emerald Rapids,gfortran,443cecf1c2,Method 2,wd_stable_h_burn,8,645.7
Emerald Rapids,gfortran,443cecf1c2,Method 2,wd_stable_h_burn,16,366.1
Emerald Rapids,gfortran,443cecf1c2,Method 2,wd_stable_h_burn,32,219.2
Emerald Rapids,gfortran,443cecf1c2,Method 2,wd_stable_h_burn,64,148.1
Emerald Rapids,gfortran,93c43202ce,Method 3,15M_dynamo,8,1245.9
Emerald Rapids,gfortran,93c43202ce,Method 3,15M_dynamo,16,799
Emerald Rapids,gfortran,93c43202ce,Method 3,15M_dynamo,32,559.4
Emerald Rapids,gfortran,93c43202ce,Method 3,15M_dynamo,64,476.9
Emerald Rapids,gfortran,93c43202ce,Method 3,20M_pre_ms_to_core_collapse,8,1085.7
Emerald Rapids,gfortran,93c43202ce,Method 3,20M_pre_ms_to_core_collapse,16,573.1
Emerald Rapids,gfortran,93c43202ce,Method 3,20M_pre_ms_to_core_collapse,32,320.1
Emerald Rapids,gfortran,93c43202ce,Method 3,20M_pre_ms_to_core_collapse,64,200.4
Emerald Rapids,gfortran,93c43202ce,Method 3,5M_cepheid_blue_loop,8,448.2
Emerald Rapids,gfortran,93c43202ce,Method 3,5M_cepheid_blue_loop,16,359.6
Emerald Rapids,gfortran,93c43202ce,Method 3,5M_cepheid_blue_loop,32,315.2
Emerald Rapids,gfortran,93c43202ce,Method 3,5M_cepheid_blue_loop,64,304.5
Emerald Rapids,gfortran,93c43202ce,Method 3,wd_stable_h_burn,8,632.2
Emerald Rapids,gfortran,93c43202ce,Method 3,wd_stable_h_burn,16,357.6
Emerald Rapids,gfortran,93c43202ce,Method 3,wd_stable_h_burn,32,215.2
Emerald Rapids,gfortran,93c43202ce,Method 3,wd_stable_h_burn,64,145.7
Emerald Rapids,gfortran,e6f5155e12,Method 5,15M_dynamo,8,1302.8
Emerald Rapids,gfortran,e6f5155e12,Method 5,15M_dynamo,16,799.2
Emerald Rapids,gfortran,e6f5155e12,Method 5,15M_dynamo,32,568
Emerald Rapids,gfortran,e6f5155e12,Method 5,15M_dynamo,64,572.8
Emerald Rapids,gfortran,e6f5155e12,Method 5,20M_pre_ms_to_core_collapse,8,1232.1
Emerald Rapids,gfortran,e6f5155e12,Method 5,20M_pre_ms_to_core_collapse,16,640.6
Emerald Rapids,gfortran,e6f5155e12,Method 5,20M_pre_ms_to_core_collapse,32,346.4
Emerald Rapids,gfortran,e6f5155e12,Method 5,20M_pre_ms_to_core_collapse,64,209.5
Emerald Rapids,gfortran,e6f5155e12,Method 5,5M_cepheid_blue_loop,8,436.1
Emerald Rapids,gfortran,e6f5155e12,Method 5,5M_cepheid_blue_loop,16,343.4
Emerald Rapids,gfortran,e6f5155e12,Method 5,5M_cepheid_blue_loop,32,301.2
Emerald Rapids,gfortran,e6f5155e12,Method 5,5M_cepheid_blue_loop,64,279.9
Emerald Rapids,gfortran,e6f5155e12,Method 5,wd_stable_h_burn,8,627.1
Emerald Rapids,gfortran,e6f5155e12,Method 5,wd_stable_h_burn,16,352.7
Emerald Rapids,gfortran,e6f5155e12,Method 5,wd_stable_h_burn,32,213.2
Emerald Rapids,gfortran,e6f5155e12,Method 5,wd_stable_h_burn,64,149.9
Emerald Rapids,ifx,1b52195431,Method 4,15M_dynamo,8,1006.6
Emerald Rapids,ifx,1b52195431,Method 4,15M_dynamo,16,656.1
Emerald Rapids,ifx,1b52195431,Method 4,15M_dynamo,32,488.4
Emerald Rapids,ifx,1b52195431,Method 4,15M_dynamo,64,534
Emerald Rapids,ifx,1b52195431,Method 4,20M_pre_ms_to_core_collapse,8,823.3
Emerald Rapids,ifx,1b52195431,Method 4,20M_pre_ms_to_core_collapse,16,438.5
Emerald Rapids,ifx,1b52195431,Method 4,20M_pre_ms_to_core_collapse,32,247.3
Emerald Rapids,ifx,1b52195431,Method 4,20M_pre_ms_to_core_collapse,64,167.4
Emerald Rapids,ifx,1b52195431,Method 4,5M_cepheid_blue_loop,8,290
Emerald Rapids,ifx,1b52195431,Method 4,5M_cepheid_blue_loop,16,205.6
Emerald Rapids,ifx,1b52195431,Method 4,5M_cepheid_blue_loop,32,164.5
Emerald Rapids,ifx,1b52195431,Method 4,5M_cepheid_blue_loop,64,148.9
Emerald Rapids,ifx,1b52195431,Method 4,wd_stable_h_burn,8,553.8
Emerald Rapids,ifx,1b52195431,Method 4,wd_stable_h_burn,16,326
Emerald Rapids,ifx,1b52195431,Method 4,wd_stable_h_burn,32,212.6
Emerald Rapids,ifx,1b52195431,Method 4,wd_stable_h_burn,64,168.9
Emerald Rapids,ifx,2bc2f83440,Method 1,15M_dynamo,8,1550.1
Emerald Rapids,ifx,2bc2f83440,Method 1,15M_dynamo,16,934.1
Emerald Rapids,ifx,2bc2f83440,Method 1,15M_dynamo,32,669
Emerald Rapids,ifx,2bc2f83440,Method 1,15M_dynamo,64,566.2
Emerald Rapids,ifx,2bc2f83440,Method 1,20M_pre_ms_to_core_collapse,8,1143.9
Emerald Rapids,ifx,2bc2f83440,Method 1,20M_pre_ms_to_core_collapse,16,612
Emerald Rapids,ifx,2bc2f83440,Method 1,20M_pre_ms_to_core_collapse,32,353.7
Emerald Rapids,ifx,2bc2f83440,Method 1,20M_pre_ms_to_core_collapse,64,239.5
Emerald Rapids,ifx,2bc2f83440,Method 1,5M_cepheid_blue_loop,8,390.2
Emerald Rapids,ifx,2bc2f83440,Method 1,5M_cepheid_blue_loop,16,267.1
Emerald Rapids,ifx,2bc2f83440,Method 1,5M_cepheid_blue_loop,32,204.7
Emerald Rapids,ifx,2bc2f83440,Method 1,5M_cepheid_blue_loop,64,176.6
Emerald Rapids,ifx,2bc2f83440,Method 1,wd_stable_h_burn,8,746.5
Emerald Rapids,ifx,2bc2f83440,Method 1,wd_stable_h_burn,16,417
Emerald Rapids,ifx,2bc2f83440,Method 1,wd_stable_h_burn,32,285.9
Emerald Rapids,ifx,2bc2f83440,Method 1,wd_stable_h_burn,64,235.5
Emerald Rapids,ifx,443cecf1c2,Method 2,15M_dynamo,8,1101.7
Emerald Rapids,ifx,443cecf1c2,Method 2,15M_dynamo,16,722.1
Emerald Rapids,ifx,443cecf1c2,Method 2,15M_dynamo,32,538.4
Emerald Rapids,ifx,443cecf1c2,Method 2,15M_dynamo,64,478.7
Emerald Rapids,ifx,443cecf1c2,Method 2,20M_pre_ms_to_core_collapse,8,1054.4
Emerald Rapids,ifx,443cecf1c2,Method 2,20M_pre_ms_to_core_collapse,16,569.8
Emerald Rapids,ifx,443cecf1c2,Method 2,20M_pre_ms_to_core_collapse,32,327.1
Emerald Rapids,ifx,443cecf1c2,Method 2,20M_pre_ms_to_core_collapse,64,214.8
Emerald Rapids,ifx,443cecf1c2,Method 2,5M_cepheid_blue_loop,8,319.3
Emerald Rapids,ifx,443cecf1c2,Method 2,5M_cepheid_blue_loop,16,223.9
Emerald Rapids,ifx,443cecf1c2,Method 2,5M_cepheid_blue_loop,32,177.8
Emerald Rapids,ifx,443cecf1c2,Method 2,5M_cepheid_blue_loop,64,161.3
Emerald Rapids,ifx,443cecf1c2,Method 2,wd_stable_h_burn,8,602.2
Emerald Rapids,ifx,443cecf1c2,Method 2,wd_stable_h_burn,16,360.6
Emerald Rapids,ifx,443cecf1c2,Method 2,wd_stable_h_burn,32,237.9
Emerald Rapids,ifx,443cecf1c2,Method 2,wd_stable_h_burn,64,186.3
Emerald Rapids,ifx,93c43202ce,Method 3,15M_dynamo,8,1050.1
Emerald Rapids,ifx,93c43202ce,Method 3,15M_dynamo,16,681
Emerald Rapids,ifx,93c43202ce,Method 3,15M_dynamo,32,536.6
Emerald Rapids,ifx,93c43202ce,Method 3,15M_dynamo,64,563
Emerald Rapids,ifx,93c43202ce,Method 3,20M_pre_ms_to_core_collapse,8,781.3
Emerald Rapids,ifx,93c43202ce,Method 3,20M_pre_ms_to_core_collapse,16,419.7
Emerald Rapids,ifx,93c43202ce,Method 3,20M_pre_ms_to_core_collapse,32,258.7
Emerald Rapids,ifx,93c43202ce,Method 3,20M_pre_ms_to_core_collapse,64,172.4
Emerald Rapids,ifx,93c43202ce,Method 3,5M_cepheid_blue_loop,8,304.6
Emerald Rapids,ifx,93c43202ce,Method 3,5M_cepheid_blue_loop,16,217.7
Emerald Rapids,ifx,93c43202ce,Method 3,5M_cepheid_blue_loop,32,174.5
Emerald Rapids,ifx,93c43202ce,Method 3,5M_cepheid_blue_loop,64,167.2
Emerald Rapids,ifx,93c43202ce,Method 3,wd_stable_h_burn,8,588.3
Emerald Rapids,ifx,93c43202ce,Method 3,wd_stable_h_burn,16,348.4
Emerald Rapids,ifx,93c43202ce,Method 3,wd_stable_h_burn,32,243.2
Emerald Rapids,ifx,93c43202ce,Method 3,wd_stable_h_burn,64,199.7
Emerald Rapids,ifx,e6f5155e12,Method 5,15M_dynamo,8,966.3
Emerald Rapids,ifx,e6f5155e12,Method 5,15M_dynamo,16,634.1
Emerald Rapids,ifx,e6f5155e12,Method 5,15M_dynamo,32,479.5
Emerald Rapids,ifx,e6f5155e12,Method 5,15M_dynamo,64,444.4
Emerald Rapids,ifx,e6f5155e12,Method 5,20M_pre_ms_to_core_collapse,8,763.1
Emerald Rapids,ifx,e6f5155e12,Method 5,20M_pre_ms_to_core_collapse,16,408.4
Emerald Rapids,ifx,e6f5155e12,Method 5,20M_pre_ms_to_core_collapse,32,226.7
Emerald Rapids,ifx,e6f5155e12,Method 5,20M_pre_ms_to_core_collapse,64,149.8
Emerald Rapids,ifx,e6f5155e12,Method 5,5M_cepheid_blue_loop,8,285.7
Emerald Rapids,ifx,e6f5155e12,Method 5,5M_cepheid_blue_loop,16,204.9
Emerald Rapids,ifx,e6f5155e12,Method 5,5M_cepheid_blue_loop,32,165.1
Emerald Rapids,ifx,e6f5155e12,Method 5,5M_cepheid_blue_loop,64,147.8
Emerald Rapids,ifx,e6f5155e12,Method 5,wd_stable_h_burn,8,560.6
Emerald Rapids,ifx,e6f5155e12,Method 5,wd_stable_h_burn,16,325
Emerald Rapids,ifx,e6f5155e12,Method 5,wd_stable_h_burn,32,210.6
Emerald Rapids,ifx,e6f5155e12,Method 5,wd_stable_h_burn,64,162.3
Granite Rapids,gfortran,1b52195431,Method 4,15M_dynamo,8,1200.3
Granite Rapids,gfortran,1b52195431,Method 4,15M_dynamo,16,760.2
Granite Rapids,gfortran,1b52195431,Method 4,15M_dynamo,32,543.5
Granite Rapids,gfortran,1b52195431,Method 4,15M_dynamo,64,453
Granite Rapids,gfortran,1b52195431,Method 4,20M_pre_ms_to_core_collapse,8,1008.9
Granite Rapids,gfortran,1b52195431,Method 4,20M_pre_ms_to_core_collapse,16,529.9
Granite Rapids,gfortran,1b52195431,Method 4,20M_pre_ms_to_core_collapse,32,298.9
Granite Rapids,gfortran,1b52195431,Method 4,20M_pre_ms_to_core_collapse,64,189.3
Granite Rapids,gfortran,1b52195431,Method 4,5M_cepheid_blue_loop,8,390.8
Granite Rapids,gfortran,1b52195431,Method 4,5M_cepheid_blue_loop,16,309.8
Granite Rapids,gfortran,1b52195431,Method 4,5M_cepheid_blue_loop,32,271.5
Granite Rapids,gfortran,1b52195431,Method 4,5M_cepheid_blue_loop,64,254.9
Granite Rapids,gfortran,1b52195431,Method 4,wd_stable_h_burn,8,583.9
Granite Rapids,gfortran,1b52195431,Method 4,wd_stable_h_burn,16,328.9
Granite Rapids,gfortran,1b52195431,Method 4,wd_stable_h_burn,32,204.1
Granite Rapids,gfortran,1b52195431,Method 4,wd_stable_h_burn,64,148.4
Granite Rapids,gfortran,2bc2f83440,Method 1,15M_dynamo,8,1294.6
Granite Rapids,gfortran,2bc2f83440,Method 1,15M_dynamo,16,815.6
Granite Rapids,gfortran,2bc2f83440,Method 1,15M_dynamo,32,578.7
Granite Rapids,gfortran,2bc2f83440,Method 1,15M_dynamo,64,478.4
Granite Rapids,gfortran,2bc2f83440,Method 1,20M_pre_ms_to_core_collapse,8,1103.7
Granite Rapids,gfortran,2bc2f83440,Method 1,20M_pre_ms_to_core_collapse,16,584.1
Granite Rapids,gfortran,2bc2f83440,Method 1,20M_pre_ms_to_core_collapse,32,329.7
Granite Rapids,gfortran,2bc2f83440,Method 1,20M_pre_ms_to_core_collapse,64,212
Granite Rapids,gfortran,2bc2f83440,Method 1,5M_cepheid_blue_loop,8,651.1
Granite Rapids,gfortran,2bc2f83440,Method 1,5M_cepheid_blue_loop,16,558
Granite Rapids,gfortran,2bc2f83440,Method 1,5M_cepheid_blue_loop,32,512.4
Granite Rapids,gfortran,2bc2f83440,Method 1,5M_cepheid_blue_loop,64,493.9
Granite Rapids,gfortran,2bc2f83440,Method 1,wd_stable_h_burn,8,630.2
Granite Rapids,gfortran,2bc2f83440,Method 1,wd_stable_h_burn,16,355.4
Granite Rapids,gfortran,2bc2f83440,Method 1,wd_stable_h_burn,32,221.1
Granite Rapids,gfortran,2bc2f83440,Method 1,wd_stable_h_burn,64,159
Granite Rapids,gfortran,443cecf1c2,Method 2,15M_dynamo,8,1215.2
Granite Rapids,gfortran,443cecf1c2,Method 2,15M_dynamo,16,778
Granite Rapids,gfortran,443cecf1c2,Method 2,15M_dynamo,32,557.8
Granite Rapids,gfortran,443cecf1c2,Method 2,15M_dynamo,64,466.5
Granite Rapids,gfortran,443cecf1c2,Method 2,20M_pre_ms_to_core_collapse,8,1112.5
Granite Rapids,gfortran,443cecf1c2,Method 2,20M_pre_ms_to_core_collapse,16,588
Granite Rapids,gfortran,443cecf1c2,Method 2,20M_pre_ms_to_core_collapse,32,330.4
Granite Rapids,gfortran,443cecf1c2,Method 2,20M_pre_ms_to_core_collapse,64,209.4
Granite Rapids,gfortran,443cecf1c2,Method 2,5M_cepheid_blue_loop,8,406.2
Granite Rapids,gfortran,443cecf1c2,Method 2,5M_cepheid_blue_loop,16,329.7
Granite Rapids,gfortran,443cecf1c2,Method 2,5M_cepheid_blue_loop,32,285
Granite Rapids,gfortran,443cecf1c2,Method 2,5M_cepheid_blue_loop,64,269.9
Granite Rapids,gfortran,443cecf1c2,Method 2,wd_stable_h_burn,8,606.7
Granite Rapids,gfortran,443cecf1c2,Method 2,wd_stable_h_burn,16,343.9
Granite Rapids,gfortran,443cecf1c2,Method 2,wd_stable_h_burn,32,214.5
Granite Rapids,gfortran,443cecf1c2,Method 2,wd_stable_h_burn,64,154
Granite Rapids,gfortran,93c43202ce,Method 3,15M_dynamo,8,1196.7
Granite Rapids,gfortran,93c43202ce,Method 3,15M_dynamo,16,766
Granite Rapids,gfortran,93c43202ce,Method 3,15M_dynamo,32,550.4
Granite Rapids,gfortran,93c43202ce,Method 3,15M_dynamo,64,462
Granite Rapids,gfortran,93c43202ce,Method 3,20M_pre_ms_to_core_collapse,8,1144.8
Granite Rapids,gfortran,93c43202ce,Method 3,20M_pre_ms_to_core_collapse,16,604.9
Granite Rapids,gfortran,93c43202ce,Method 3,20M_pre_ms_to_core_collapse,32,340.7
Granite Rapids,gfortran,93c43202ce,Method 3,20M_pre_ms_to_core_collapse,64,218.5
Granite Rapids,gfortran,93c43202ce,Method 3,5M_cepheid_blue_loop,8,404.2
Granite Rapids,gfortran,93c43202ce,Method 3,5M_cepheid_blue_loop,16,324.2
Granite Rapids,gfortran,93c43202ce,Method 3,5M_cepheid_blue_loop,32,282.8
Granite Rapids,gfortran,93c43202ce,Method 3,5M_cepheid_blue_loop,64,265.7
Granite Rapids,gfortran,93c43202ce,Method 3,wd_stable_h_burn,8,594.9
Granite Rapids,gfortran,93c43202ce,Method 3,wd_stable_h_burn,16,334.5
Granite Rapids,gfortran,93c43202ce,Method 3,wd_stable_h_burn,32,207.8
Granite Rapids,gfortran,93c43202ce,Method 3,wd_stable_h_burn,64,149.3
Granite Rapids,gfortran,e6f5155e12,Method 5,15M_dynamo,8,1256.4
Granite Rapids,gfortran,e6f5155e12,Method 5,15M_dynamo,16,788.1
Granite Rapids,gfortran,e6f5155e12,Method 5,15M_dynamo,32,559.1
Granite Rapids,gfortran,e6f5155e12,Method 5,15M_dynamo,64,462.6
Granite Rapids,gfortran,e6f5155e12,Method 5,20M_pre_ms_to_core_collapse,8,1335.3
Granite Rapids,gfortran,e6f5155e12,Method 5,20M_pre_ms_to_core_collapse,16,704
Granite Rapids,gfortran,e6f5155e12,Method 5,20M_pre_ms_to_core_collapse,32,395.8
Granite Rapids,gfortran,e6f5155e12,Method 5,20M_pre_ms_to_core_collapse,64,251.3
Granite Rapids,gfortran,e6f5155e12,Method 5,5M_cepheid_blue_loop,8,401.1
Granite Rapids,gfortran,e6f5155e12,Method 5,5M_cepheid_blue_loop,16,308.9
Granite Rapids,gfortran,e6f5155e12,Method 5,5M_cepheid_blue_loop,32,267.8
Granite Rapids,gfortran,e6f5155e12,Method 5,5M_cepheid_blue_loop,64,248.8
Granite Rapids,gfortran,e6f5155e12,Method 5,wd_stable_h_burn,8,630.2
Granite Rapids,gfortran,e6f5155e12,Method 5,wd_stable_h_burn,16,354.4
Granite Rapids,gfortran,e6f5155e12,Method 5,wd_stable_h_burn,32,218.6
Granite Rapids,gfortran,e6f5155e12,Method 5,wd_stable_h_burn,64,156.3
Granite Rapids,ifx,1b52195431,Method 4,15M_dynamo,8,959.4
Granite Rapids,ifx,1b52195431,Method 4,15M_dynamo,16,662
Granite Rapids,ifx,1b52195431,Method 4,15M_dynamo,32,525.3
Granite Rapids,ifx,1b52195431,Method 4,15M_dynamo,64,480.1
Granite Rapids,ifx,1b52195431,Method 4,20M_pre_ms_to_core_collapse,8,777.2
Granite Rapids,ifx,1b52195431,Method 4,20M_pre_ms_to_core_collapse,16,422.1
Granite Rapids,ifx,1b52195431,Method 4,20M_pre_ms_to_core_collapse,32,246.7
Granite Rapids,ifx,1b52195431,Method 4,20M_pre_ms_to_core_collapse,64,172.6
Granite Rapids,ifx,1b52195431,Method 4,5M_cepheid_blue_loop,8,287.2
Granite Rapids,ifx,1b52195431,Method 4,5M_cepheid_blue_loop,16,200.5
Granite Rapids,ifx,1b52195431,Method 4,5M_cepheid_blue_loop,32,157
Granite Rapids,ifx,1b52195431,Method 4,5M_cepheid_blue_loop,64,146.8
Granite Rapids,ifx,1b52195431,Method 4,wd_stable_h_burn,8,580.8
Granite Rapids,ifx,1b52195431,Method 4,wd_stable_h_burn,16,345
Granite Rapids,ifx,1b52195431,Method 4,wd_stable_h_burn,32,228.2
Granite Rapids,ifx,1b52195431,Method 4,wd_stable_h_burn,64,178.6
Granite Rapids,ifx,2bc2f83440,Method 1,15M_dynamo,8,1091.7
Granite Rapids,ifx,2bc2f83440,Method 1,15M_dynamo,16,732.2
Granite Rapids,ifx,2bc2f83440,Method 1,15M_dynamo,32,587.2
Granite Rapids,ifx,2bc2f83440,Method 1,15M_dynamo,64,539.8
Granite Rapids,ifx,2bc2f83440,Method 1,20M_pre_ms_to_core_collapse,8,807
Granite Rapids,ifx,2bc2f83440,Method 1,20M_pre_ms_to_core_collapse,16,432.4
Granite Rapids,ifx,2bc2f83440,Method 1,20M_pre_ms_to_core_collapse,32,246
Granite Rapids,ifx,2bc2f83440,Method 1,20M_pre_ms_to_core_collapse,64,159
Granite Rapids,ifx,2bc2f83440,Method 1,5M_cepheid_blue_loop,8,359.4
Granite Rapids,ifx,2bc2f83440,Method 1,5M_cepheid_blue_loop,16,242.3
Granite Rapids,ifx,2bc2f83440,Method 1,5M_cepheid_blue_loop,32,185.8
Granite Rapids,ifx,2bc2f83440,Method 1,5M_cepheid_blue_loop,64,169.3
Granite Rapids,ifx,2bc2f83440,Method 1,wd_stable_h_burn,8,722.5
Granite Rapids,ifx,2bc2f83440,Method 1,wd_stable_h_burn,16,427.4
Granite Rapids,ifx,2bc2f83440,Method 1,wd_stable_h_burn,32,283.9
Granite Rapids,ifx,2bc2f83440,Method 1,wd_stable_h_burn,64,223.1
Granite Rapids,ifx,443cecf1c2,Method 2,15M_dynamo,8,1032.2
Granite Rapids,ifx,443cecf1c2,Method 2,15M_dynamo,16,700.5
Granite Rapids,ifx,443cecf1c2,Method 2,15M_dynamo,32,554.2
Granite Rapids,ifx,443cecf1c2,Method 2,15M_dynamo,64,509.7
Granite Rapids,ifx,443cecf1c2,Method 2,20M_pre_ms_to_core_collapse,8,785.3
Granite Rapids,ifx,443cecf1c2,Method 2,20M_pre_ms_to_core_collapse,16,422.8
Granite Rapids,ifx,443cecf1c2,Method 2,20M_pre_ms_to_core_collapse,32,246
Granite Rapids,ifx,443cecf1c2,Method 2,20M_pre_ms_to_core_collapse,64,174.1
Granite Rapids,ifx,443cecf1c2,Method 2,5M_cepheid_blue_loop,8,309.4
Granite Rapids,ifx,443cecf1c2,Method 2,5M_cepheid_blue_loop,16,214
Granite Rapids,ifx,443cecf1c2,Method 2,5M_cepheid_blue_loop,32,166.5
Granite Rapids,ifx,443cecf1c2,Method 2,5M_cepheid_blue_loop,64,157.7
Granite Rapids,ifx,443cecf1c2,Method 2,wd_stable_h_burn,8,631.6
Granite Rapids,ifx,443cecf1c2,Method 2,wd_stable_h_burn,16,373.9
Granite Rapids,ifx,443cecf1c2,Method 2,wd_stable_h_burn,32,247.5
Granite Rapids,ifx,443cecf1c2,Method 2,wd_stable_h_burn,64,193.4
Granite Rapids,ifx,93c43202ce,Method 3,15M_dynamo,8,983.2
Granite Rapids,ifx,93c43202ce,Method 3,15M_dynamo,16,671.5
Granite Rapids,ifx,93c43202ce,Method 3,15M_dynamo,32,532.3
Granite Rapids,ifx,93c43202ce,Method 3,15M_dynamo,64,488.8
Granite Rapids,ifx,93c43202ce,Method 3,20M_pre_ms_to_core_collapse,8,866.2
Granite Rapids,ifx,93c43202ce,Method 3,20M_pre_ms_to_core_collapse,16,470.2
Granite Rapids,ifx,93c43202ce,Method 3,20M_pre_ms_to_core_collapse,32,277.7
Granite Rapids,ifx,93c43202ce,Method 3,20M_pre_ms_to_core_collapse,64,196.3
Granite Rapids,ifx,93c43202ce,Method 3,5M_cepheid_blue_loop,8,296.1
Granite Rapids,ifx,93c43202ce,Method 3,5M_cepheid_blue_loop,16,205.2
Granite Rapids,ifx,93c43202ce,Method 3,5M_cepheid_blue_loop,32,160.2
Granite Rapids,ifx,93c43202ce,Method 3,5M_cepheid_blue_loop,64,149.2
Granite Rapids,ifx,93c43202ce,Method 3,wd_stable_h_burn,8,607.9
Granite Rapids,ifx,93c43202ce,Method 3,wd_stable_h_burn,16,363.2
Granite Rapids,ifx,93c43202ce,Method 3,wd_stable_h_burn,32,240.3
Granite Rapids,ifx,93c43202ce,Method 3,wd_stable_h_burn,64,188.7
Granite Rapids,ifx,e6f5155e12,Method 5,15M_dynamo,8,980.7
Granite Rapids,ifx,e6f5155e12,Method 5,15M_dynamo,16,673
Granite Rapids,ifx,e6f5155e12,Method 5,15M_dynamo,32,533
Granite Rapids,ifx,e6f5155e12,Method 5,15M_dynamo,64,485.7
Granite Rapids,ifx,e6f5155e12,Method 5,20M_pre_ms_to_core_collapse,8,810.5
Granite Rapids,ifx,e6f5155e12,Method 5,20M_pre_ms_to_core_collapse,16,436
Granite Rapids,ifx,e6f5155e12,Method 5,20M_pre_ms_to_core_collapse,32,250.6
Granite Rapids,ifx,e6f5155e12,Method 5,20M_pre_ms_to_core_collapse,64,169.7
Granite Rapids,ifx,e6f5155e12,Method 5,5M_cepheid_blue_loop,8,292.8
Granite Rapids,ifx,e6f5155e12,Method 5,5M_cepheid_blue_loop,16,201.8
Granite Rapids,ifx,e6f5155e12,Method 5,5M_cepheid_blue_loop,32,157.1
Granite Rapids,ifx,e6f5155e12,Method 5,5M_cepheid_blue_loop,64,144.8
Granite Rapids,ifx,e6f5155e12,Method 5,wd_stable_h_burn,8,607.3
Granite Rapids,ifx,e6f5155e12,Method 5,wd_stable_h_burn,16,359.5
Granite Rapids,ifx,e6f5155e12,Method 5,wd_stable_h_burn,32,237.6
Granite Rapids,ifx,e6f5155e12,Method 5,wd_stable_h_burn,64,183.2
